time,x_ref,y_ref,z_ref,vx_ref,vy_ref,vz_ref,yaw_ref,segment_index
0,87.54,22.34046,2.2,0,0,0,1.57079632679,0
0.05,87.54,22.3410112371,2.2,0,0.0321184524717,0,1.57079632679,0
0.1,87.54,22.3444964782,2.2,0,0.113803790073,0,1.57079632679,0
0.15,87.54,22.3528828395,2.2,0,0.225051440329,0,1.57079632679,0
0.2,87.54,22.3672038907,2.2,0,0.348524107097,0,1.57079632679,0
0.25,87.54,22.3876930183,2.2,0,0.469551770563,0,1.57079632679,0
0.3,87.54,22.4139167901,2.2,0,0.576131687243,0,1.57079632679,0
0.35,87.54,22.4449083183,2.2,0,0.658928389981,0,1.57079632679,0
0.4,87.54,22.4793006239,2.2,0,0.711273687954,0,1.57079632679,0
0.45,87.54,22.51546,2.2,0,0.729166666667,0,1.57079632679,0
0.5,87.54,22.5516193761,2.2,0,0.711273687954,0,1.57079632679,0
0.55,87.54,22.5860116817,2.2,0,0.658928389981,0,1.57079632679,0
0.6,87.54,22.6170032099,2.2,0,0.576131687243,0,1.57079632679,0
0.65,87.54,22.6432269817,2.2,0,0.469551770563,0,1.57079632679,0
0.7,87.54,22.6637161093,2.2,0,0.348524107097,0,1.57079632679,0
0.75,87.54,22.6780371605,2.2,0,0.225051440329,0,1.57079632679,0
0.8,87.54,22.6864235218,2.2,0,0.113803790073,0,1.57079632679,0
0.85,87.54,22.6899087629,2.2,0,0.0321184524717,0,1.57079632679,0
0.9,87.54,22.69046,2.2,0,0,0,1.57079632679,0
0.95,87.54,22.6910112371,2.2,0,0.0321184524717,0,1.57079632679,1
1,87.54,22.6944964782,2.2,0,0.113803790073,0,1.57079632679,1
1.05,87.54,22.7028828395,2.2,0,0.225051440329,0,1.57079632679,1
1.1,87.54,22.7172038907,2.2,0,0.348524107097,0,1.57079632679,1
1.15,87.54,22.7376930183,2.2,0,0.469551770563,0,1.57079632679,1
1.2,87.54,22.7639167901,2.2,0,0.576131687243,0,1.57079632679,1
1.25,87.54,22.7949083183,2.2,0,0.658928389981,0,1.57079632679,1
1.3,87.54,22.8293006239,2.2,0,0.711273687954,0,1.57079632679,1
1.35,87.54,22.86546,2.2,0,0.729166666667,0,1.57079632679,1
1.4,87.54,22.9016193761,2.2,0,0.711273687954,0,1.57079632679,1
1.45,87.54,22.9360116817,2.2,0,0.658928389981,0,1.57079632679,1
1.5,87.54,22.9670032099,2.2,0,0.576131687243,0,1.57079632679,1
1.55,87.54,22.9932269817,2.2,0,0.469551770563,0,1.57079632679,1
1.6,87.54,23.0137161093,2.2,0,0.348524107097,0,1.57079632679,1
1.65,87.54,23.0280371605,2.2,0,0.225051440329,0,1.57079632679,1
1.7,87.54,23.0364235218,2.2,0,0.113803790073,0,1.57079632679,1
1.75,87.54,23.0399087629,2.2,0,0.0321184524717,0,1.57079632679,1
1.8,87.54,23.04046,2.2,0,0,0,1.57079632679,1
1.85,87.54,23.0410112371,2.2,0,0.0321184524717,0,1.57079632679,2
1.9,87.54,23.0444964782,2.2,0,0.113803790073,0,1.57079632679,2
1.95,87.54,23.0528828395,2.2,0,0.225051440329,0,1.57079632679,2
2,87.54,23.0672038907,2.2,0,0.348524107097,0,1.57079632679,2
2.05,87.54,23.0876930183,2.2,0,0.469551770563,0,1.57079632679,2
2.1,87.54,23.1139167901,2.2,0,0.576131687243,0,1.57079632679,2
2.15,87.54,23.1449083183,2.2,0,0.658928389981,0,1.57079632679,2
2.2,87.54,23.1793006239,2.2,0,0.711273687954,0,1.57079632679,2
2.25,87.54,23.21546,2.2,0,0.729166666667,0,1.57079632679,2
2.3,87.54,23.2516193761,2.2,0,0.711273687954,0,1.57079632679,2
2.35,87.54,23.2860116817,2.2,0,0.658928389981,0,1.57079632679,2
2.4,87.54,23.3170032099,2.2,0,0.576131687243,0,1.57079632679,2
2.45,87.54,23.3432269817,2.2,0,0.469551770563,0,1.57079632679,2
2.5,87.54,23.3637161093,2.2,0,0.348524107097,0,1.57079632679,2
2.55,87.54,23.3780371605,2.2,0,0.225051440329,0,1.57079632679,2
2.6,87.54,23.3864235218,2.2,0,0.113803790073,0,1.57079632679,2
2.65,87.54,23.3899087629,2.2,0,0.0321184524717,0,1.57079632679,2
2.7,87.54,23.39046,2.2,0,0,0,1.57079632679,2
2.75,87.54,23.3910112371,2.2,0,0.0321184524717,0,1.57079632679,3
2.8,87.54,23.3944964782,2.2,0,0.113803790073,0,1.57079632679,3
2.85,87.54,23.4028828395,2.2,0,0.225051440329,0,1.57079632679,3
2.9,87.54,23.4172038907,2.2,0,0.348524107097,0,1.57079632679,3
2.95,87.54,23.4376930183,2.2,0,0.469551770563,0,1.57079632679,3
3,87.54,23.4639167901,2.2,0,0.576131687243,0,1.57079632679,3
3.05,87.54,23.4949083183,2.2,0,0.658928389981,0,1.57079632679,3
3.1,87.54,23.5293006239,2.2,0,0.711273687954,0,1.57079632679,3
3.15,87.54,23.56546,2.2,0,0.729166666667,0,1.57079632679,3
3.2,87.54,23.6016193761,2.2,0,0.711273687954,0,1.57079632679,3
3.25,87.54,23.6360116817,2.2,0,0.658928389981,0,1.57079632679,3
3.3,87.54,23.6670032099,2.2,0,0.576131687243,0,1.57079632679,3
3.35,87.54,23.6932269817,2.2,0,0.469551770563,0,1.57079632679,3
3.4,87.54,23.7137161093,2.2,0,0.348524107097,0,1.57079632679,3
3.45,87.54,23.7280371605,2.2,0,0.225051440329,0,1.57079632679,3
3.5,87.54,23.7364235218,2.2,0,0.113803790073,0,1.57079632679,3
3.55,87.54,23.7399087629,2.2,0,0.0321184524717,0,1.57079632679,3
3.6,87.54,23.74046,2.2,0,0,0,1.57079632679,3
3.65,87.54,23.7410112371,2.2,0,0.0321184524717,0,1.57079632679,4
3.7,87.54,23.7444964782,2.2,0,0.113803790073,0,1.57079632679,4
3.75,87.54,23.7528828395,2.2,0,0.225051440329,0,1.57079632679,4
3.8,87.54,23.7672038907,2.2,0,0.348524107097,0,1.57079632679,4
3.85,87.54,23.7876930183,2.2,0,0.469551770563,0,1.57079632679,4
3.9,87.54,23.8139167901,2.2,0,0.576131687243,0,1.57079632679,4
3.95,87.54,23.8449083183,2.2,0,0.658928389981,0,1.57079632679,4
4,87.54,23.8793006239,2.2,0,0.711273687954,0,1.57079632679,4
4.05,87.54,23.91546,2.2,0,0.729166666667,0,1.57079632679,4
4.1,87.54,23.9516193761,2.2,0,0.711273687954,0,1.57079632679,4
4.15,87.54,23.9860116817,2.2,0,0.658928389981,0,1.57079632679,4
4.2,87.54,24.0170032099,2.2,0,0.576131687243,0,1.57079632679,4
4.25,87.54,24.0432269817,2.2,0,0.469551770563,0,1.57079632679,4
4.3,87.54,24.0637161093,2.2,0,0.348524107097,0,1.57079632679,4
4.35,87.54,24.0780371605,2.2,0,0.225051440329,0,1.57079632679,4
4.4,87.54,24.0864235218,2.2,0,0.113803790073,0,1.57079632679,4
4.45,87.54,24.0899087629,2.2,0,0.0321184524717,0,1.57079632679,4
4.5,87.54,24.09046,2.2,0,0,0,1.57079632679,4
4.55,87.54,24.0910112371,2.2,0,0.0321184524717,0,1.57079632679,5
4.6,87.54,24.0944964782,2.2,0,0.113803790073,0,1.57079632679,5
4.65,87.54,24.1028828395,2.2,0,0.225051440329,0,1.57079632679,5
4.7,87.54,24.1172038907,2.2,0,0.348524107097,0,1.57079632679,5
4.75,87.54,24.1376930183,2.2,0,0.469551770563,0,1.57079632679,5
4.8,87.54,24.1639167901,2.2,0,0.576131687243,0,1.57079632679,5
4.85,87.54,24.1949083183,2.2,0,0.658928389981,0,1.57079632679,5
4.9,87.54,24.2293006239,2.2,0,0.711273687954,0,1.57079632679,5
4.95,87.54,24.26546,2.2,0,0.729166666667,0,1.57079632679,5
5,87.54,24.3016193761,2.2,0,0.711273687954,0,1.57079632679,5
5.05,87.54,24.3360116817,2.2,0,0.658928389981,0,1.57079632679,5
5.1,87.54,24.3670032099,2.2,0,0.576131687243,0,1.57079632679,5
5.15,87.54,24.3932269817,2.2,0,0.469551770563,0,1.57079632679,5
5.2,87.54,24.4137161093,2.2,0,0.348524107097,0,1.57079632679,5
5.25,87.54,24.4280371605,2.2,0,0.225051440329,0,1.57079632679,5
5.3,87.54,24.4364235218,2.2,0,0.113803790073,0,1.57079632679,5
5.35,87.54,24.4399087629,2.2,0,0.0321184524717,0,1.57079632679,5
5.4,87.54,24.44046,2.2,0,0,0,1.57079632679,5
5.45,87.54,24.4410112371,2.2,0,0.0321184524717,0,1.57079632679,6
5.5,87.54,24.4444964782,2.2,0,0.113803790073,0,1.57079632679,6
5.55,87.54,24.4528828395,2.2,0,0.225051440329,0,1.57079632679,6
5.6,87.54,24.4672038907,2.2,0,0.348524107097,0,1.57079632679,6
5.65,87.54,24.4876930183,2.2,0,0.469551770563,0,1.57079632679,6
5.7,87.54,24.5139167901,2.2,0,0.576131687243,0,1.57079632679,6
5.75,87.54,24.5449083183,2.2,0,0.658928389981,0,1.57079632679,6
5.8,87.54,24.5793006239,2.2,0,0.711273687954,0,1.57079632679,6
5.85,87.54,24.61546,2.2,0,0.729166666667,0,1.57079632679,6
5.9,87.54,24.6516193761,2.2,0,0.711273687954,0,1.57079632679,6
5.95,87.54,24.6860116817,2.2,0,0.658928389981,0,1.57079632679,6
6,87.54,24.7170032099,2.2,0,0.576131687243,0,1.57079632679,6
6.05,87.54,24.7432269817,2.2,0,0.469551770563,0,1.57079632679,6
6.1,87.54,24.7637161093,2.2,0,0.348524107097,0,1.57079632679,6
6.15,87.54,24.7780371605,2.2,0,0.225051440329,0,1.57079632679,6
6.2,87.54,24.7864235218,2.2,0,0.113803790073,0,1.57079632679,6
6.25,87.54,24.7899087629,2.2,0,0.0321184524717,0,1.57079632679,6
6.3,87.54,24.79046,2.2,0,0,0,1.57079632679,6
6.35,87.54,24.7910112371,2.2,0,0.0321184524717,0,1.57079632679,7
6.4,87.54,24.7944964782,2.2,0,0.113803790073,0,1.57079632679,7
6.45,87.54,24.8028828395,2.2,0,0.225051440329,0,1.57079632679,7
6.5,87.54,24.8172038907,2.2,0,0.348524107097,0,1.57079632679,7
6.55,87.54,24.8376930183,2.2,0,0.469551770563,0,1.57079632679,7
6.6,87.54,24.8639167901,2.2,0,0.576131687243,0,1.57079632679,7
6.65,87.54,24.8949083183,2.2,0,0.658928389981,0,1.57079632679,7
6.7,87.54,24.9293006239,2.2,0,0.711273687954,0,1.57079632679,7
6.75,87.54,24.96546,2.2,0,0.729166666667,0,1.57079632679,7
6.8,87.54,25.0016193761,2.2,0,0.711273687954,0,1.57079632679,7
6.85,87.54,25.0360116817,2.2,0,0.658928389981,0,1.57079632679,7
6.9,87.54,25.0670032099,2.2,0,0.576131687243,0,1.57079632679,7
6.95,87.54,25.0932269817,2.2,0,0.469551770563,0,1.57079632679,7
7,87.54,25.1137161093,2.2,0,0.348524107097,0,1.57079632679,7
7.05,87.54,25.1280371605,2.2,0,0.225051440329,0,1.57079632679,7
7.1,87.54,25.1364235218,2.2,0,0.113803790073,0,1.57079632679,7
7.15,87.54,25.1399087629,2.2,0,0.0321184524717,0,1.57079632679,7
7.2,87.54,25.14046,2.2,0,0,0,1.57079632679,7
7.25,87.54,25.1410112371,2.2,0,0.0321184524717,0,1.57079632679,8
7.3,87.54,25.1444964782,2.2,0,0.113803790073,0,1.57079632679,8
7.35,87.54,25.1528828395,2.2,0,0.225051440329,0,1.57079632679,8
7.4,87.54,25.1672038907,2.2,0,0.348524107097,0,1.57079632679,8
7.45,87.54,25.1876930183,2.2,0,0.469551770563,0,1.57079632679,8
7.5,87.54,25.2139167901,2.2,0,0.576131687243,0,1.57079632679,8
7.55,87.54,25.2449083183,2.2,0,0.658928389981,0,1.57079632679,8
7.6,87.54,25.2793006239,2.2,0,0.711273687954,0,1.57079632679,8
7.65,87.54,25.31546,2.2,0,0.729166666667,0,1.57079632679,8
7.7,87.54,25.3516193761,2.2,0,0.711273687954,0,1.57079632679,8
7.75,87.54,25.3860116817,2.2,0,0.658928389981,0,1.57079632679,8
7.8,87.54,25.4170032099,2.2,0,0.576131687243,0,1.57079632679,8
7.85,87.54,25.4432269817,2.2,0,0.469551770563,0,1.57079632679,8
7.9,87.54,25.4637161093,2.2,0,0.348524107097,0,1.57079632679,8
7.95,87.54,25.4780371605,2.2,0,0.225051440329,0,1.57079632679,8
8,87.54,25.4864235218,2.2,0,0.113803790073,0,1.57079632679,8
8.05,87.54,25.4899087629,2.2,0,0.0321184524717,0,1.57079632679,8
8.1,87.54,25.49046,2.2,0,0,0,1.57079632679,8
8.15,87.54,25.4910112371,2.2,0,0.0321184524717,0,1.57079632679,9
8.2,87.54,25.4944964782,2.2,0,0.113803790073,0,1.57079632679,9
8.25,87.54,25.5028828395,2.2,0,0.225051440329,0,1.57079632679,9
8.3,87.54,25.5172038907,2.2,0,0.348524107097,0,1.57079632679,9
8.35,87.54,25.5376930183,2.2,0,0.469551770563,0,1.57079632679,9
8.4,87.54,25.5639167901,2.2,0,0.576131687243,0,1.57079632679,9
8.45,87.54,25.5949083183,2.2,0,0.658928389981,0,1.57079632679,9
8.5,87.54,25.6293006239,2.2,0,0.711273687954,0,1.57079632679,9
8.55,87.54,25.66546,2.2,0,0.729166666667,0,1.57079632679,9
8.6,87.54,25.7016193761,2.2,0,0.711273687954,0,1.57079632679,9
8.65,87.54,25.7360116817,2.2,0,0.658928389981,0,1.57079632679,9
8.7,87.54,25.7670032099,2.2,0,0.576131687243,0,1.57079632679,9
8.75,87.54,25.7932269817,2.2,0,0.469551770563,0,1.57079632679,9
8.8,87.54,25.8137161093,2.2,0,0.348524107097,0,1.57079632679,9
8.85,87.54,25.8280371605,2.2,0,0.225051440329,0,1.57079632679,9
8.9,87.54,25.8364235218,2.2,0,0.113803790073,0,1.57079632679,9
8.95,87.54,25.8399087629,2.2,0,0.0321184524717,0,1.57079632679,9
9,87.54,25.84046,2.2,0,0,0,1.57079632679,9
9.05,87.54,25.8410112371,2.2,0,0.0321184524717,0,1.57079632679,10
9.1,87.54,25.8444964782,2.2,0,0.113803790073,0,1.57079632679,10
9.15,87.54,25.8528828395,2.2,0,0.225051440329,0,1.57079632679,10
9.2,87.54,25.8672038907,2.2,0,0.348524107097,0,1.57079632679,10
9.25,87.54,25.8876930183,2.2,0,0.469551770563,0,1.57079632679,10
9.3,87.54,25.9139167901,2.2,0,0.576131687243,0,1.57079632679,10
9.35,87.54,25.9449083183,2.2,0,0.658928389981,0,1.57079632679,10
9.4,87.54,25.9793006239,2.2,0,0.711273687954,0,1.57079632679,10
9.45,87.54,26.01546,2.2,0,0.729166666667,0,1.57079632679,10
9.5,87.54,26.0516193761,2.2,0,0.711273687954,0,1.57079632679,10
9.55,87.54,26.0860116817,2.2,0,0.658928389981,0,1.57079632679,10
9.6,87.54,26.1170032099,2.2,0,0.576131687243,0,1.57079632679,10
9.65,87.54,26.1432269817,2.2,0,0.469551770563,0,1.57079632679,10
9.7,87.54,26.1637161093,2.2,0,0.348524107097,0,1.57079632679,10
9.75,87.54,26.1780371605,2.2,0,0.225051440329,0,1.57079632679,10
9.8,87.54,26.1864235218,2.2,0,0.113803790073,0,1.57079632679,10
9.85,87.54,26.1899087629,2.2,0,0.0321184524717,0,1.57079632679,10
9.9,87.54,26.19046,2.2,0,0,0,1.57079632679,10
9.95,87.54,26.1910112371,2.2,0,0.0321184524717,0,1.57079632679,11
10,87.54,26.1944964782,2.2,0,0.113803790073,0,1.57079632679,11
10.05,87.54,26.2028828395,2.2,0,0.225051440329,0,1.57079632679,11
10.1,87.54,26.2172038907,2.2,0,0.348524107097,0,1.57079632679,11
10.15,87.54,26.2376930183,2.2,0,0.469551770563,0,1.57079632679,11
10.2,87.54,26.2639167901,2.2,0,0.576131687243,0,1.57079632679,11
10.25,87.54,26.2949083183,2.2,0,0.658928389981,0,1.57079632679,11
10.3,87.54,26.3293006239,2.2,0,0.711273687954,0,1.57079632679,11
10.35,87.54,26.36546,2.2,0,0.729166666667,0,1.57079632679,11
10.4,87.54,26.4016193761,2.2,0,0.711273687954,0,1.57079632679,11
10.45,87.54,26.4360116817,2.2,0,0.658928389981,0,1.57079632679,11
10.5,87.54,26.4670032099,2.2,0,0.576131687243,0,1.57079632679,11
10.55,87.54,26.4932269817,2.2,0,0.469551770563,0,1.57079632679,11
10.6,87.54,26.5137161093,2.2,0,0.348524107097,0,1.57079632679,11
10.65,87.54,26.5280371605,2.2,0,0.225051440329,0,1.57079632679,11
10.7,87.54,26.5364235218,2.2,0,0.113803790073,0,1.57079632679,11
10.75,87.54,26.5399087629,2.2,0,0.0321184524717,0,1.57079632679,11
10.8,87.54,26.54046,2.2,0,0,0,1.57079632679,11
10.85,87.54,26.5410112371,2.2,0,0.0321184524717,0,1.57079632679,12
10.9,87.54,26.5444964782,2.2,0,0.113803790073,0,1.57079632679,12
10.95,87.54,26.5528828395,2.2,0,0.225051440329,0,1.57079632679,12
11,87.54,26.5672038907,2.2,0,0.348524107097,0,1.57079632679,12
11.05,87.54,26.5876930183,2.2,0,0.469551770563,0,1.57079632679,12
11.1,87.54,26.6139167901,2.2,0,0.576131687243,0,1.57079632679,12
11.15,87.54,26.6449083183,2.2,0,0.658928389981,0,1.57079632679,12
11.2,87.54,26.6793006239,2.2,0,0.711273687954,0,1.57079632679,12
11.25,87.54,26.71546,2.2,0,0.729166666667,0,1.57079632679,12
11.3,87.54,26.7516193761,2.2,0,0.711273687954,0,1.57079632679,12
11.35,87.54,26.7860116817,2.2,0,0.658928389981,0,1.57079632679,12
11.4,87.54,26.8170032099,2.2,0,0.576131687243,0,1.57079632679,12
11.45,87.54,26.8432269817,2.2,0,0.469551770563,0,1.57079632679,12
11.5,87.54,26.8637161093,2.2,0,0.348524107097,0,1.57079632679,12
11.55,87.54,26.8780371605,2.2,0,0.225051440329,0,1.57079632679,12
11.6,87.54,26.8864235218,2.2,0,0.113803790073,0,1.57079632679,12
11.65,87.54,26.8899087629,2.2,0,0.0321184524717,0,1.57079632679,12
11.7,87.54,26.89046,2.2,0,0,0,1.57079632679,12
11.75,87.54,26.8910112371,2.2,0,0.0321184524717,0,1.57079632679,13
11.8,87.54,26.8944964782,2.2,0,0.113803790073,0,1.57079632679,13
11.85,87.54,26.9028828395,2.2,0,0.225051440329,0,1.57079632679,13
11.9,87.54,26.9172038907,2.2,0,0.348524107097,0,1.57079632679,13
11.95,87.54,26.9376930183,2.2,0,0.469551770563,0,1.57079632679,13
12,87.54,26.9639167901,2.2,0,0.576131687243,0,1.57079632679,13
12.05,87.54,26.9949083183,2.2,0,0.658928389981,0,1.57079632679,13
12.1,87.54,27.0293006239,2.2,0,0.711273687954,0,1.57079632679,13
12.15,87.54,27.06546,2.2,0,0.729166666667,0,1.57079632679,13
12.2,87.54,27.1016193761,2.2,0,0.711273687954,0,1.57079632679,13
12.25,87.54,27.1360116817,2.2,0,0.658928389981,0,1.57079632679,13
12.3,87.54,27.1670032099,2.2,0,0.576131687243,0,1.57079632679,13
12.35,87.54,27.1932269817,2.2,0,0.469551770563,0,1.57079632679,13
12.4,87.54,27.2137161093,2.2,0,0.348524107097,0,1.57079632679,13
12.45,87.54,27.2280371605,2.2,0,0.225051440329,0,1.57079632679,13
12.5,87.54,27.2364235218,2.2,0,0.113803790073,0,1.57079632679,13
12.55,87.54,27.2399087629,2.2,0,0.0321184524717,0,1.57079632679,13
12.6,87.54,27.24046,2.2,0,0,0,1.57079632679,13
12.65,87.54,27.2410112371,2.2,0,0.0321184524717,0,1.57079632679,14
12.7,87.54,27.2444964782,2.2,0,0.113803790073,0,1.57079632679,14
12.75,87.54,27.2528828395,2.2,0,0.225051440329,0,1.57079632679,14
12.8,87.54,27.2672038907,2.2,0,0.348524107097,0,1.57079632679,14
12.85,87.54,27.2876930183,2.2,0,0.469551770563,0,1.57079632679,14
12.9,87.54,27.3139167901,2.2,0,0.576131687243,0,1.57079632679,14
12.95,87.54,27.3449083183,2.2,0,0.658928389981,0,1.57079632679,14
13,87.54,27.3793006239,2.2,0,0.711273687954,0,1.57079632679,14
13.05,87.54,27.41546,2.2,0,0.729166666667,0,1.57079632679,14
13.1,87.54,27.4516193761,2.2,0,0.711273687954,0,1.57079632679,14
13.15,87.54,27.4860116817,2.2,0,0.658928389981,0,1.57079632679,14
13.2,87.54,27.5170032099,2.2,0,0.576131687243,0,1.57079632679,14
13.25,87.54,27.5432269817,2.2,0,0.469551770563,0,1.57079632679,14
13.3,87.54,27.5637161093,2.2,0,0.348524107097,0,1.57079632679,14
13.35,87.54,27.5780371605,2.2,0,0.225051440329,0,1.57079632679,14
13.4,87.54,27.5864235218,2.2,0,0.113803790073,0,1.57079632679,14
13.45,87.54,27.5899087629,2.2,0,0.0321184524717,0,1.57079632679,14
13.5,87.54,27.59046,2.2,0,0,0,1.57079632679,14
13.55,87.54,27.5910112371,2.2,0,0.0321184524717,0,1.57079632679,15
13.6,87.54,27.5944964782,2.2,0,0.113803790073,0,1.57079632679,15
13.65,87.54,27.6028828395,2.2,0,0.225051440329,0,1.57079632679,15
13.7,87.54,27.6172038907,2.2,0,0.348524107097,0,1.57079632679,15
13.75,87.54,27.6376930183,2.2,0,0.469551770563,0,1.57079632679,15
13.8,87.54,27.6639167901,2.2,0,0.576131687243,0,1.57079632679,15
13.85,87.54,27.6949083183,2.2,0,0.658928389981,0,1.57079632679,15
13.9,87.54,27.7293006239,2.2,0,0.711273687954,0,1.57079632679,15
13.95,87.54,27.76546,2.2,0,0.729166666667,0,1.57079632679,15
14,87.54,27.8016193761,2.2,0,0.711273687954,0,1.57079632679,15
14.05,87.54,27.8360116817,2.2,0,0.658928389981,0,1.57079632679,15
14.1,87.54,27.8670032099,2.2,0,0.576131687243,0,1.57079632679,15
14.15,87.54,27.8932269817,2.2,0,0.469551770563,0,1.57079632679,15
14.2,87.54,27.9137161093,2.2,0,0.348524107097,0,1.57079632679,15
14.25,87.54,27.9280371605,2.2,0,0.225051440329,0,1.57079632679,15
14.3,87.54,27.9364235218,2.2,0,0.113803790073,0,1.57079632679,15
14.35,87.54,27.9399087629,2.2,0,0.0321184524717,0,1.57079632679,15
14.4,87.54,27.94046,2.2,0,0,0,1.57079632679,15
14.45,87.54,27.9410112371,2.2,0,0.0321184524717,0,1.57079632679,16
14.5,87.54,27.9444964782,2.2,0,0.113803790073,0,1.57079632679,16
14.55,87.54,27.9528828395,2.2,0,0.225051440329,0,1.57079632679,16
14.6,87.54,27.9672038907,2.2,0,0.348524107097,0,1.57079632679,16
14.65,87.54,27.9876930183,2.2,0,0.469551770563,0,1.57079632679,16
14.7,87.54,28.0139167901,2.2,0,0.576131687243,0,1.57079632679,16
14.75,87.54,28.0449083183,2.2,0,0.658928389981,0,1.57079632679,16
14.8,87.54,28.0793006239,2.2,0,0.711273687954,0,1.57079632679,16
14.85,87.54,28.11546,2.2,0,0.729166666667,0,1.57079632679,16
14.9,87.54,28.1516193761,2.2,0,0.711273687954,0,1.57079632679,16
14.95,87.54,28.1860116817,2.2,0,0.658928389981,0,1.57079632679,16
15,87.54,28.2170032099,2.2,0,0.576131687243,0,1.57079632679,16
15.05,87.54,28.2432269817,2.2,0,0.469551770563,0,1.57079632679,16
15.1,87.54,28.2637161093,2.2,0,0.348524107097,0,1.57079632679,16
15.15,87.54,28.2780371605,2.2,0,0.225051440329,0,1.57079632679,16
15.2,87.54,28.2864235218,2.2,0,0.113803790073,0,1.57079632679,16
15.25,87.54,28.2899087629,2.2,0,0.0321184524717,0,1.57079632679,16
15.3,87.54,28.29046,2.2,0,0,0,1.57079632679,16
15.35,87.54,28.2910112371,2.2,0,0.0321184524717,0,1.57079632679,17
15.4,87.54,28.2944964782,2.2,0,0.113803790073,0,1.57079632679,17
15.45,87.54,28.3028828395,2.2,0,0.225051440329,0,1.57079632679,17
15.5,87.54,28.3172038907,2.2,0,0.348524107097,0,1.57079632679,17
15.55,87.54,28.3376930183,2.2,0,0.469551770563,0,1.57079632679,17
15.6,87.54,28.3639167901,2.2,0,0.576131687243,0,1.57079632679,17
15.65,87.54,28.3949083183,2.2,0,0.658928389981,0,1.57079632679,17
15.7,87.54,28.4293006239,2.2,0,0.711273687954,0,1.57079632679,17
15.75,87.54,28.46546,2.2,0,0.729166666667,0,1.57079632679,17
15.8,87.54,28.5016193761,2.2,0,0.711273687954,0,1.57079632679,17
15.85,87.54,28.5360116817,2.2,0,0.658928389981,0,1.57079632679,17
15.9,87.54,28.5670032099,2.2,0,0.576131687243,0,1.57079632679,17
15.95,87.54,28.5932269817,2.2,0,0.469551770563,0,1.57079632679,17
16,87.54,28.6137161093,2.2,0,0.348524107097,0,1.57079632679,17
16.05,87.54,28.6280371605,2.2,0,0.225051440329,0,1.57079632679,17
16.1,87.54,28.6364235218,2.2,0,0.113803790073,0,1.57079632679,17
16.15,87.54,28.6399087629,2.2,0,0.0321184524717,0,1.57079632679,17
16.2,87.54,28.64046,2.2,0,0,0,1.57079632679,17
16.25,87.5394487629,28.6410112371,2.2,-0.0321184524717,0.0321184524717,0,2.35619449019,18
16.3,87.5359635218,28.6444964782,2.2,-0.113803790073,0.113803790073,0,2.35619449019,18
16.35,87.5275771605,28.6528828395,2.2,-0.225051440329,0.225051440329,0,2.35619449019,18
16.4,87.5132561093,28.6672038907,2.2,-0.348524107098,0.348524107097,0,2.35619449019,18
16.45,87.4927669817,28.6876930183,2.2,-0.469551770563,0.469551770563,0,2.35619449019,18
16.5,87.4665432099,28.7139167901,2.2,-0.576131687243,0.576131687243,0,2.35619449019,18
16.55,87.4355516817,28.7449083183,2.2,-0.658928389981,0.658928389981,0,2.35619449019,18
16.6,87.4011593761,28.7793006239,2.2,-0.711273687954,0.711273687954,0,2.35619449019,18
16.65,87.365,28.81546,2.2,-0.729166666667,0.729166666667,0,2.35619449019,18
16.7,87.3288406239,28.8516193761,2.2,-0.711273687954,0.711273687954,0,2.35619449019,18
16.75,87.2944483183,28.8860116817,2.2,-0.658928389981,0.658928389981,0,2.35619449019,18
16.8,87.2634567901,28.9170032099,2.2,-0.576131687243,0.576131687243,0,2.35619449019,18
16.85,87.2372330183,28.9432269817,2.2,-0.469551770563,0.469551770563,0,2.35619449019,18
16.9,87.2167438907,28.9637161093,2.2,-0.348524107098,0.348524107097,0,2.35619449019,18
16.95,87.2024228395,28.9780371605,2.2,-0.225051440329,0.225051440329,0,2.35619449019,18
17,87.1940364782,28.9864235218,2.2,-0.113803790073,0.113803790073,0,2.35619449019,18
17.05,87.1905512371,28.9899087629,2.2,-0.0321184524717,0.0321184524717,0,2.35619449019,18
17.1,87.19,28.99046,2.2,0,0,0,2.35619449019,18
17.15,87.1894487629,28.9910112371,2.2,-0.0321184524717,0.0321184524717,0,2.35619449019,19
17.2,87.1859635218,28.9944964782,2.2,-0.113803790073,0.113803790073,0,2.35619449019,19
17.25,87.1775771605,29.0028828395,2.2,-0.225051440329,0.225051440329,0,2.35619449019,19
17.3,87.1632561093,29.0172038907,2.2,-0.348524107097,0.348524107097,0,2.35619449019,19
17.35,87.1427669817,29.0376930183,2.2,-0.469551770563,0.469551770563,0,2.35619449019,19
17.4,87.1165432099,29.0639167901,2.2,-0.576131687243,0.576131687243,0,2.35619449019,19
17.45,87.0855516817,29.0949083183,2.2,-0.658928389981,0.658928389981,0,2.35619449019,19
17.5,87.0511593761,29.1293006239,2.2,-0.711273687954,0.711273687954,0,2.35619449019,19
17.55,87.015,29.16546,2.2,-0.729166666667,0.729166666667,0,2.35619449019,19
17.6,86.9788406239,29.2016193761,2.2,-0.711273687954,0.711273687954,0,2.35619449019,19
17.65,86.9444483183,29.2360116817,2.2,-0.658928389981,0.658928389981,0,2.35619449019,19
17.7,86.9134567901,29.2670032099,2.2,-0.576131687243,0.576131687243,0,2.35619449019,19
17.75,86.8872330183,29.2932269817,2.2,-0.469551770563,0.469551770563,0,2.35619449019,19
17.8,86.8667438907,29.3137161093,2.2,-0.348524107097,0.348524107097,0,2.35619449019,19
17.85,86.8524228395,29.3280371605,2.2,-0.225051440329,0.225051440329,0,2.35619449019,19
17.9,86.8440364782,29.3364235218,2.2,-0.113803790073,0.113803790073,0,2.35619449019,19
17.95,86.8405512371,29.3399087629,2.2,-0.0321184524717,0.0321184524717,0,2.35619449019,19
18,86.84,29.34046,2.2,0,0,0,2.35619449019,19
18.05,86.8394487629,29.3410112371,2.2,-0.0321184524717,0.0321184524717,0,2.35619449019,20
18.1,86.8359635218,29.3444964782,2.2,-0.113803790073,0.113803790073,0,2.35619449019,20
18.15,86.8275771605,29.3528828395,2.2,-0.225051440329,0.225051440329,0,2.35619449019,20
18.2,86.8132561093,29.3672038907,2.2,-0.348524107097,0.348524107097,0,2.35619449019,20
18.25,86.7927669817,29.3876930183,2.2,-0.469551770563,0.469551770563,0,2.35619449019,20
18.3,86.7665432099,29.4139167901,2.2,-0.576131687243,0.576131687243,0,2.35619449019,20
18.35,86.7355516817,29.4449083183,2.2,-0.658928389981,0.658928389981,0,2.35619449019,20
18.4,86.7011593761,29.4793006239,2.2,-0.711273687954,0.711273687954,0,2.35619449019,20
18.45,86.665,29.51546,2.2,-0.729166666667,0.729166666667,0,2.35619449019,20
18.5,86.6288406239,29.5516193761,2.2,-0.711273687954,0.711273687954,0,2.35619449019,20
18.55,86.5944483183,29.5860116817,2.2,-0.658928389981,0.658928389981,0,2.35619449019,20
18.6,86.5634567901,29.6170032099,2.2,-0.576131687243,0.576131687243,0,2.35619449019,20
18.65,86.5372330183,29.6432269817,2.2,-0.469551770563,0.469551770563,0,2.35619449019,20
18.7,86.5167438907,29.6637161093,2.2,-0.348524107097,0.348524107097,0,2.35619449019,20
18.75,86.5024228395,29.6780371605,2.2,-0.225051440329,0.225051440329,0,2.35619449019,20
18.8,86.4940364782,29.6864235218,2.2,-0.113803790073,0.113803790073,0,2.35619449019,20
18.85,86.4905512371,29.6899087629,2.2,-0.0321184524717,0.0321184524717,0,2.35619449019,20
18.9,86.49,29.69046,2.2,0,0,0,2.35619449019,20
18.95,86.49,29.6910112371,2.2,0,0.0321184524717,0,1.57079632679,21
19,86.49,29.6944964782,2.2,0,0.113803790073,0,1.57079632679,21
19.05,86.49,29.7028828395,2.2,0,0.225051440329,0,1.57079632679,21
19.1,86.49,29.7172038907,2.2,0,0.348524107097,0,1.57079632679,21
19.15,86.49,29.7376930183,2.2,0,0.469551770563,0,1.57079632679,21
19.2,86.49,29.7639167901,2.2,0,0.576131687243,0,1.57079632679,21
19.25,86.49,29.7949083183,2.2,0,0.658928389981,0,1.57079632679,21
19.3,86.49,29.8293006239,2.2,0,0.711273687954,0,1.57079632679,21
19.35,86.49,29.86546,2.2,0,0.729166666667,0,1.57079632679,21
19.4,86.49,29.9016193761,2.2,0,0.711273687954,0,1.57079632679,21
19.45,86.49,29.9360116817,2.2,0,0.658928389981,0,1.57079632679,21
19.5,86.49,29.9670032099,2.2,0,0.576131687243,0,1.57079632679,21
19.55,86.49,29.9932269817,2.2,0,0.469551770563,0,1.57079632679,21
19.6,86.49,30.0137161093,2.2,0,0.348524107097,0,1.57079632679,21
19.65,86.49,30.0280371605,2.2,0,0.225051440329,0,1.57079632679,21
19.7,86.49,30.0364235218,2.2,0,0.113803790073,0,1.57079632679,21
19.75,86.49,30.0399087629,2.2,0,0.0321184524717,0,1.57079632679,21
19.8,86.49,30.04046,2.2,0,0,0,1.57079632679,21
19.85,86.4894487629,30.0410112371,2.2,-0.0321184524717,0.0321184524717,0,2.35619449019,22
19.9,86.4859635218,30.0444964782,2.2,-0.113803790073,0.113803790073,0,2.35619449019,22
19.95,86.4775771605,30.0528828395,2.2,-0.225051440329,0.225051440329,0,2.35619449019,22
20,86.4632561093,30.0672038907,2.2,-0.348524107098,0.348524107097,0,2.35619449019,22
20.05,86.4427669817,30.0876930183,2.2,-0.469551770563,0.469551770563,0,2.35619449019,22
20.1,86.4165432099,30.1139167901,2.2,-0.576131687243,0.576131687243,0,2.35619449019,22
20.15,86.3855516817,30.1449083183,2.2,-0.658928389981,0.658928389981,0,2.35619449019,22
20.2,86.3511593761,30.1793006239,2.2,-0.711273687954,0.711273687954,0,2.35619449019,22
20.25,86.315,30.21546,2.2,-0.729166666667,0.729166666667,0,2.35619449019,22
20.3,86.2788406239,30.2516193761,2.2,-0.711273687954,0.711273687954,0,2.35619449019,22
20.35,86.2444483183,30.2860116817,2.2,-0.658928389981,0.658928389981,0,2.35619449019,22
20.4,86.2134567901,30.3170032099,2.2,-0.576131687243,0.576131687243,0,2.35619449019,22
20.45,86.1872330183,30.3432269817,2.2,-0.469551770563,0.469551770563,0,2.35619449019,22
20.5,86.1667438907,30.3637161093,2.2,-0.348524107098,0.348524107097,0,2.35619449019,22
20.55,86.1524228395,30.3780371605,2.2,-0.225051440329,0.225051440329,0,2.35619449019,22
20.6,86.1440364782,30.3864235218,2.2,-0.113803790073,0.113803790073,0,2.35619449019,22
20.65,86.1405512371,30.3899087629,2.2,-0.0321184524717,0.0321184524717,0,2.35619449019,22
20.7,86.14,30.39046,2.2,0,0,0,2.35619449019,22
20.75,86.14,30.3910112371,2.2,0,0.0321184524717,0,1.57079632679,23
20.8,86.14,30.3944964782,2.2,0,0.113803790073,0,1.57079632679,23
20.85,86.14,30.4028828395,2.2,0,0.225051440329,0,1.57079632679,23
20.9,86.14,30.4172038907,2.2,0,0.348524107097,0,1.57079632679,23
20.95,86.14,30.4376930183,2.2,0,0.469551770563,0,1.57079632679,23
21,86.14,30.4639167901,2.2,0,0.576131687243,0,1.57079632679,23
21.05,86.14,30.4949083183,2.2,0,0.658928389981,0,1.57079632679,23
21.1,86.14,30.5293006239,2.2,0,0.711273687954,0,1.57079632679,23
21.15,86.14,30.56546,2.2,0,0.729166666667,0,1.57079632679,23
21.2,86.14,30.6016193761,2.2,0,0.711273687954,0,1.57079632679,23
21.25,86.14,30.6360116817,2.2,0,0.658928389981,0,1.57079632679,23
21.3,86.14,30.6670032099,2.2,0,0.576131687243,0,1.57079632679,23
21.35,86.14,30.6932269817,2.2,0,0.469551770563,0,1.57079632679,23
21.4,86.14,30.7137161093,2.2,0,0.348524107097,0,1.57079632679,23
21.45,86.14,30.7280371605,2.2,0,0.225051440329,0,1.57079632679,23
21.5,86.14,30.7364235218,2.2,0,0.113803790073,0,1.57079632679,23
21.55,86.14,30.7399087629,2.2,0,0.0321184524717,0,1.57079632679,23
21.6,86.14,30.74046,2.2,0,0,0,1.57079632679,23
21.65,86.14,30.7410112371,2.2,0,0.0321184524717,0,1.57079632679,24
21.7,86.14,30.7444964782,2.2,0,0.113803790073,0,1.57079632679,24
21.75,86.14,30.7528828395,2.2,0,0.225051440329,0,1.57079632679,24
21.8,86.14,30.7672038907,2.2,0,0.348524107097,0,1.57079632679,24
21.85,86.14,30.7876930183,2.2,0,0.469551770563,0,1.57079632679,24
21.9,86.14,30.8139167901,2.2,0,0.576131687243,0,1.57079632679,24
21.95,86.14,30.8449083183,2.2,0,0.658928389981,0,1.57079632679,24
22,86.14,30.8793006239,2.2,0,0.711273687954,0,1.57079632679,24
22.05,86.14,30.91546,2.2,0,0.729166666667,0,1.57079632679,24
22.1,86.14,30.9516193761,2.2,0,0.711273687954,0,1.57079632679,24
22.15,86.14,30.9860116817,2.2,0,0.658928389981,0,1.57079632679,24
22.2,86.14,31.0170032099,2.2,0,0.576131687243,0,1.57079632679,24
22.25,86.14,31.0432269817,2.2,0,0.469551770563,0,1.57079632679,24
22.3,86.14,31.0637161093,2.2,0,0.348524107097,0,1.57079632679,24
22.35,86.14,31.0780371605,2.2,0,0.225051440329,0,1.57079632679,24
22.4,86.14,31.0864235218,2.2,0,0.113803790073,0,1.57079632679,24
22.45,86.14,31.0899087629,2.2,0,0.0321184524717,0,1.57079632679,24
22.5,86.14,31.09046,2.2,0,0,0,1.57079632679,24
22.55,86.14,31.0910112371,2.2,0,0.0321184524717,0,1.57079632679,25
22.6,86.14,31.0944964782,2.2,0,0.113803790073,0,1.57079632679,25
22.65,86.14,31.1028828395,2.2,0,0.225051440329,0,1.57079632679,25
22.7,86.14,31.1172038907,2.2,0,0.348524107097,0,1.57079632679,25
22.75,86.14,31.1376930183,2.2,0,0.469551770563,0,1.57079632679,25
22.8,86.14,31.1639167901,2.2,0,0.576131687243,0,1.57079632679,25
22.85,86.14,31.1949083183,2.2,0,0.658928389981,0,1.57079632679,25
22.9,86.14,31.2293006239,2.2,0,0.711273687954,0,1.57079632679,25
22.95,86.14,31.26546,2.2,0,0.729166666667,0,1.57079632679,25
23,86.14,31.3016193761,2.2,0,0.711273687954,0,1.57079632679,25
23.05,86.14,31.3360116817,2.2,0,0.658928389981,0,1.57079632679,25
23.1,86.14,31.3670032099,2.2,0,0.576131687243,0,1.57079632679,25
23.15,86.14,31.3932269817,2.2,0,0.469551770563,0,1.57079632679,25
23.2,86.14,31.4137161093,2.2,0,0.348524107097,0,1.57079632679,25
23.25,86.14,31.4280371605,2.2,0,0.225051440329,0,1.57079632679,25
23.3,86.14,31.4364235218,2.2,0,0.113803790073,0,1.57079632679,25
23.35,86.14,31.4399087629,2.2,0,0.0321184524717,0,1.57079632679,25
23.4,86.14,31.44046,2.2,0,0,0,1.57079632679,25
23.45,86.14,31.4410112371,2.2,0,0.0321184524717,0,1.57079632679,26
23.5,86.14,31.4444964782,2.2,0,0.113803790073,0,1.57079632679,26
23.55,86.14,31.4528828395,2.2,0,0.225051440329,0,1.57079632679,26
23.6,86.14,31.4672038907,2.2,0,0.348524107097,0,1.57079632679,26
23.65,86.14,31.4876930183,2.2,0,0.469551770563,0,1.57079632679,26
23.7,86.14,31.5139167901,2.2,0,0.576131687243,0,1.57079632679,26
23.75,86.14,31.5449083183,2.2,0,0.658928389981,0,1.57079632679,26
23.8,86.14,31.5793006239,2.2,0,0.711273687954,0,1.57079632679,26
23.85,86.14,31.61546,2.2,0,0.729166666667,0,1.57079632679,26
23.9,86.14,31.6516193761,2.2,0,0.711273687954,0,1.57079632679,26
23.95,86.14,31.6860116817,2.2,0,0.658928389981,0,1.57079632679,26
24,86.14,31.7170032099,2.2,0,0.576131687243,0,1.57079632679,26
24.05,86.14,31.7432269817,2.2,0,0.469551770563,0,1.57079632679,26
24.1,86.14,31.7637161093,2.2,0,0.348524107097,0,1.57079632679,26
24.15,86.14,31.7780371605,2.2,0,0.225051440329,0,1.57079632679,26
24.2,86.14,31.7864235218,2.2,0,0.113803790073,0,1.57079632679,26
24.25,86.14,31.7899087629,2.2,0,0.0321184524717,0,1.57079632679,26
24.3,86.14,31.79046,2.2,0,0,0,1.57079632679,26
24.35,86.14,31.7910112371,2.2,0,0.0321184524717,0,1.57079632679,27
24.4,86.14,31.7944964782,2.2,0,0.113803790073,0,1.57079632679,27
24.45,86.14,31.8028828395,2.2,0,0.225051440329,0,1.57079632679,27
24.5,86.14,31.8172038907,2.2,0,0.348524107097,0,1.57079632679,27
24.55,86.14,31.8376930183,2.2,0,0.469551770563,0,1.57079632679,27
24.6,86.14,31.8639167901,2.2,0,0.576131687243,0,1.57079632679,27
24.65,86.14,31.8949083183,2.2,0,0.658928389981,0,1.57079632679,27
24.7,86.14,31.9293006239,2.2,0,0.711273687954,0,1.57079632679,27
24.75,86.14,31.96546,2.2,0,0.729166666667,0,1.57079632679,27
24.8,86.14,32.0016193761,2.2,0,0.711273687954,0,1.57079632679,27
24.85,86.14,32.0360116817,2.2,0,0.658928389981,0,1.57079632679,27
24.9,86.14,32.0670032099,2.2,0,0.576131687243,0,1.57079632679,27
24.95,86.14,32.0932269817,2.2,0,0.469551770563,0,1.57079632679,27
25,86.14,32.1137161093,2.2,0,0.348524107097,0,1.57079632679,27
25.05,86.14,32.1280371605,2.2,0,0.225051440329,0,1.57079632679,27
25.1,86.14,32.1364235218,2.2,0,0.113803790073,0,1.57079632679,27
25.15,86.14,32.1399087629,2.2,0,0.0321184524717,0,1.57079632679,27
25.2,86.14,32.14046,2.2,0,0,0,1.57079632679,27
25.25,86.14,32.1410112371,2.2,0,0.0321184524717,0,1.57079632679,28
25.3,86.14,32.1444964782,2.2,0,0.113803790073,0,1.57079632679,28
25.35,86.14,32.1528828395,2.2,0,0.225051440329,0,1.57079632679,28
25.4,86.14,32.1672038907,2.2,0,0.348524107097,0,1.57079632679,28
25.45,86.14,32.1876930183,2.2,0,0.469551770563,0,1.57079632679,28
25.5,86.14,32.2139167901,2.2,0,0.576131687243,0,1.57079632679,28
25.55,86.14,32.2449083183,2.2,0,0.658928389981,0,1.57079632679,28
25.6,86.14,32.2793006239,2.2,0,0.711273687954,0,1.57079632679,28
25.65,86.14,32.31546,2.2,0,0.729166666667,0,1.57079632679,28
25.7,86.14,32.3516193761,2.2,0,0.711273687954,0,1.57079632679,28
25.75,86.14,32.3860116817,2.2,0,0.658928389981,0,1.57079632679,28
25.8,86.14,32.4170032099,2.2,0,0.576131687243,0,1.57079632679,28
25.85,86.14,32.4432269817,2.2,0,0.469551770563,0,1.57079632679,28
25.9,86.14,32.4637161093,2.2,0,0.348524107097,0,1.57079632679,28
25.95,86.14,32.4780371605,2.2,0,0.225051440329,0,1.57079632679,28
26,86.14,32.4864235218,2.2,0,0.113803790073,0,1.57079632679,28
26.05,86.14,32.4899087629,2.2,0,0.0321184524717,0,1.57079632679,28
26.1,86.14,32.49046,2.2,0,0,0,1.57079632679,28
26.15,86.14,32.4910112371,2.2,0,0.0321184524717,0,1.57079632679,29
26.2,86.14,32.4944964782,2.2,0,0.113803790073,0,1.57079632679,29
26.25,86.14,32.5028828395,2.2,0,0.225051440329,0,1.57079632679,29
26.3,86.14,32.5172038907,2.2,0,0.348524107097,0,1.57079632679,29
26.35,86.14,32.5376930183,2.2,0,0.469551770563,0,1.57079632679,29
26.4,86.14,32.5639167901,2.2,0,0.576131687243,0,1.57079632679,29
26.45,86.14,32.5949083183,2.2,0,0.658928389981,0,1.57079632679,29
26.5,86.14,32.6293006239,2.2,0,0.711273687954,0,1.57079632679,29
26.55,86.14,32.66546,2.2,0,0.729166666667,0,1.57079632679,29
26.6,86.14,32.7016193761,2.2,0,0.711273687954,0,1.57079632679,29
26.65,86.14,32.7360116817,2.2,0,0.658928389981,0,1.57079632679,29
26.7,86.14,32.7670032099,2.2,0,0.576131687243,0,1.57079632679,29
26.75,86.14,32.7932269817,2.2,0,0.469551770563,0,1.57079632679,29
26.8,86.14,32.8137161093,2.2,0,0.348524107097,0,1.57079632679,29
26.85,86.14,32.8280371605,2.2,0,0.225051440329,0,1.57079632679,29
26.9,86.14,32.8364235218,2.2,0,0.113803790073,0,1.57079632679,29
26.95,86.14,32.8399087629,2.2,0,0.0321184524717,0,1.57079632679,29
27,86.14,32.84046,2.2,0,0,0,1.57079632679,29
27.05,86.14,32.8410112371,2.2,0,0.0321184524717,0,1.57079632679,30
27.1,86.14,32.8444964782,2.2,0,0.113803790073,0,1.57079632679,30
27.15,86.14,32.8528828395,2.2,0,0.225051440329,0,1.57079632679,30
27.2,86.14,32.8672038907,2.2,0,0.348524107097,0,1.57079632679,30
27.25,86.14,32.8876930183,2.2,0,0.469551770563,0,1.57079632679,30
27.3,86.14,32.9139167901,2.2,0,0.576131687243,0,1.57079632679,30
27.35,86.14,32.9449083183,2.2,0,0.658928389981,0,1.57079632679,30
27.4,86.14,32.9793006239,2.2,0,0.711273687954,0,1.57079632679,30
27.45,86.14,33.01546,2.2,0,0.729166666667,0,1.57079632679,30
27.5,86.14,33.0516193761,2.2,0,0.711273687954,0,1.57079632679,30
27.55,86.14,33.0860116817,2.2,0,0.658928389981,0,1.57079632679,30
27.6,86.14,33.1170032099,2.2,0,0.576131687243,0,1.57079632679,30
27.65,86.14,33.1432269817,2.2,0,0.469551770563,0,1.57079632679,30
27.7,86.14,33.1637161093,2.2,0,0.348524107097,0,1.57079632679,30
27.75,86.14,33.1780371605,2.2,0,0.225051440329,0,1.57079632679,30
27.8,86.14,33.1864235218,2.2,0,0.113803790073,0,1.57079632679,30
27.85,86.14,33.1899087629,2.2,0,0.0321184524717,0,1.57079632679,30
27.9,86.14,33.19046,2.2,0,0,0,1.57079632679,30
27.95,86.14,33.1910112371,2.2,0,0.0321184524717,0,1.57079632679,31
28,86.14,33.1944964782,2.2,0,0.113803790073,0,1.57079632679,31
28.05,86.14,33.2028828395,2.2,0,0.225051440329,0,1.57079632679,31
28.1,86.14,33.2172038907,2.2,0,0.348524107097,0,1.57079632679,31
28.15,86.14,33.2376930183,2.2,0,0.469551770563,0,1.57079632679,31
28.2,86.14,33.2639167901,2.2,0,0.576131687243,0,1.57079632679,31
28.25,86.14,33.2949083183,2.2,0,0.658928389981,0,1.57079632679,31
28.3,86.14,33.3293006239,2.2,0,0.711273687954,0,1.57079632679,31
28.35,86.14,33.36546,2.2,0,0.729166666667,0,1.57079632679,31
28.4,86.14,33.4016193761,2.2,0,0.711273687954,0,1.57079632679,31
28.45,86.14,33.4360116817,2.2,0,0.658928389981,0,1.57079632679,31
28.5,86.14,33.4670032099,2.2,0,0.576131687243,0,1.57079632679,31
28.55,86.14,33.4932269817,2.2,0,0.469551770563,0,1.57079632679,31
28.6,86.14,33.5137161093,2.2,0,0.348524107097,0,1.57079632679,31
28.65,86.14,33.5280371605,2.2,0,0.225051440329,0,1.57079632679,31
28.7,86.14,33.5364235218,2.2,0,0.113803790073,0,1.57079632679,31
28.75,86.14,33.5399087629,2.2,0,0.0321184524717,0,1.57079632679,31
28.8,86.14,33.54046,2.2,0,0,0,1.57079632679,31
28.85,86.14,33.5410112371,2.2,0,0.0321184524717,0,1.57079632679,32
28.9,86.14,33.5444964782,2.2,0,0.113803790073,0,1.57079632679,32
28.95,86.14,33.5528828395,2.2,0,0.225051440329,0,1.57079632679,32
29,86.14,33.5672038907,2.2,0,0.348524107097,0,1.57079632679,32
29.05,86.14,33.5876930183,2.2,0,0.469551770563,0,1.57079632679,32
29.1,86.14,33.6139167901,2.2,0,0.576131687243,0,1.57079632679,32
29.15,86.14,33.6449083183,2.2,0,0.658928389981,0,1.57079632679,32
29.2,86.14,33.6793006239,2.2,0,0.711273687954,0,1.57079632679,32
29.25,86.14,33.71546,2.2,0,0.729166666667,0,1.57079632679,32
29.3,86.14,33.7516193761,2.2,0,0.711273687954,0,1.57079632679,32
29.35,86.14,33.7860116817,2.2,0,0.658928389981,0,1.57079632679,32
29.4,86.14,33.8170032099,2.2,0,0.576131687243,0,1.57079632679,32
29.45,86.14,33.8432269817,2.2,0,0.469551770563,0,1.57079632679,32
29.5,86.14,33.8637161093,2.2,0,0.348524107097,0,1.57079632679,32
29.55,86.14,33.8780371605,2.2,0,0.225051440329,0,1.57079632679,32
29.6,86.14,33.8864235218,2.2,0,0.113803790073,0,1.57079632679,32
29.65,86.14,33.8899087629,2.2,0,0.0321184524717,0,1.57079632679,32
29.7,86.14,33.89046,2.2,0,0,0,1.57079632679,32
29.75,86.14,33.8910112371,2.2,0,0.0321184524717,0,1.57079632679,33
29.8,86.14,33.8944964782,2.2,0,0.113803790073,0,1.57079632679,33
29.85,86.14,33.9028828395,2.2,0,0.225051440329,0,1.57079632679,33
29.9,86.14,33.9172038907,2.2,0,0.348524107097,0,1.57079632679,33
29.95,86.14,33.9376930183,2.2,0,0.469551770563,0,1.57079632679,33
30,86.14,33.9639167901,2.2,0,0.576131687243,0,1.57079632679,33
30.05,86.14,33.9949083183,2.2,0,0.658928389981,0,1.57079632679,33
30.1,86.14,34.0293006239,2.2,0,0.711273687954,0,1.57079632679,33
30.15,86.14,34.06546,2.2,0,0.729166666667,0,1.57079632679,33
30.2,86.14,34.1016193761,2.2,0,0.711273687954,0,1.57079632679,33
30.25,86.14,34.1360116817,2.2,0,0.658928389981,0,1.57079632679,33
30.3,86.14,34.1670032099,2.2,0,0.576131687243,0,1.57079632679,33
30.35,86.14,34.1932269817,2.2,0,0.469551770563,0,1.57079632679,33
30.4,86.14,34.2137161093,2.2,0,0.348524107097,0,1.57079632679,33
30.45,86.14,34.2280371605,2.2,0,0.225051440329,0,1.57079632679,33
30.5,86.14,34.2364235218,2.2,0,0.113803790073,0,1.57079632679,33
30.55,86.14,34.2399087629,2.2,0,0.0321184524717,0,1.57079632679,33
30.6,86.14,34.24046,2.2,0,0,0,1.57079632679,33
30.65,86.14,34.2410112371,2.2,0,0.0321184524717,0,1.57079632679,34
30.7,86.14,34.2444964782,2.2,0,0.113803790073,0,1.57079632679,34
30.75,86.14,34.2528828395,2.2,0,0.225051440329,0,1.57079632679,34
30.8,86.14,34.2672038907,2.2,0,0.348524107097,0,1.57079632679,34
30.85,86.14,34.2876930183,2.2,0,0.469551770563,0,1.57079632679,34
30.9,86.14,34.3139167901,2.2,0,0.576131687243,0,1.57079632679,34
30.95,86.14,34.3449083183,2.2,0,0.658928389981,0,1.57079632679,34
31,86.14,34.3793006239,2.2,0,0.711273687954,0,1.57079632679,34
31.05,86.14,34.41546,2.2,0,0.729166666667,0,1.57079632679,34
31.1,86.14,34.4516193761,2.2,0,0.711273687954,0,1.57079632679,34
31.15,86.14,34.4860116817,2.2,0,0.658928389981,0,1.57079632679,34
31.2,86.14,34.5170032099,2.2,0,0.576131687243,0,1.57079632679,34
31.25,86.14,34.5432269817,2.2,0,0.469551770563,0,1.57079632679,34
31.3,86.14,34.5637161093,2.2,0,0.348524107097,0,1.57079632679,34
31.35,86.14,34.5780371605,2.2,0,0.225051440329,0,1.57079632679,34
31.4,86.14,34.5864235218,2.2,0,0.113803790073,0,1.57079632679,34
31.45,86.14,34.5899087629,2.2,0,0.0321184524717,0,1.57079632679,34
31.5,86.14,34.59046,2.2,0,0,0,1.57079632679,34
31.55,86.14,34.5910112371,2.2,0,0.0321184524717,0,1.57079632679,35
31.6,86.14,34.5944964782,2.2,0,0.113803790073,0,1.57079632679,35
31.65,86.14,34.6028828395,2.2,0,0.225051440329,0,1.57079632679,35
31.7,86.14,34.6172038907,2.2,0,0.348524107097,0,1.57079632679,35
31.75,86.14,34.6376930183,2.2,0,0.469551770563,0,1.57079632679,35
31.8,86.14,34.6639167901,2.2,0,0.576131687243,0,1.57079632679,35
31.85,86.14,34.6949083183,2.2,0,0.658928389981,0,1.57079632679,35
31.9,86.14,34.7293006239,2.2,0,0.711273687954,0,1.57079632679,35
31.95,86.14,34.76546,2.2,0,0.729166666667,0,1.57079632679,35
32,86.14,34.8016193761,2.2,0,0.711273687954,0,1.57079632679,35
32.05,86.14,34.8360116817,2.2,0,0.658928389981,0,1.57079632679,35
32.1,86.14,34.8670032099,2.2,0,0.576131687243,0,1.57079632679,35
32.15,86.14,34.8932269817,2.2,0,0.469551770563,0,1.57079632679,35
32.2,86.14,34.9137161093,2.2,0,0.348524107097,0,1.57079632679,35
32.25,86.14,34.9280371605,2.2,0,0.225051440329,0,1.57079632679,35
32.3,86.14,34.9364235218,2.2,0,0.113803790073,0,1.57079632679,35
32.35,86.14,34.9399087629,2.2,0,0.0321184524717,0,1.57079632679,35
32.4,86.14,34.94046,2.2,0,0,0,1.57079632679,35
32.45,86.1394487629,34.94046,2.2,-0.0321184524717,0,0,3.14159265359,36
32.5,86.1359635218,34.94046,2.2,-0.113803790073,0,0,3.14159265359,36
32.55,86.1275771605,34.94046,2.2,-0.225051440329,0,0,3.14159265359,36
32.6,86.1132561093,34.94046,2.2,-0.348524107097,0,0,3.14159265359,36
32.65,86.0927669817,34.94046,2.2,-0.469551770563,0,0,3.14159265359,36
32.7,86.0665432099,34.94046,2.2,-0.576131687243,0,0,3.14159265359,36
32.75,86.0355516817,34.94046,2.2,-0.658928389981,0,0,3.14159265359,36
32.8,86.0011593761,34.94046,2.2,-0.711273687954,0,0,3.14159265359,36
32.85,85.965,34.94046,2.2,-0.729166666667,0,0,3.14159265359,36
32.9,85.9288406239,34.94046,2.2,-0.711273687954,0,0,3.14159265359,36
32.95,85.8944483183,34.94046,2.2,-0.658928389981,0,0,3.14159265359,36
33,85.8634567901,34.94046,2.2,-0.576131687243,0,0,3.14159265359,36
33.05,85.8372330183,34.94046,2.2,-0.469551770563,0,0,3.14159265359,36
33.1,85.8167438907,34.94046,2.2,-0.348524107097,0,0,3.14159265359,36
33.15,85.8024228395,34.94046,2.2,-0.225051440329,0,0,3.14159265359,36
33.2,85.7940364782,34.94046,2.2,-0.113803790073,0,0,3.14159265359,36
33.25,85.7905512371,34.94046,2.2,-0.0321184524717,0,0,3.14159265359,36
33.3,85.79,34.94046,2.2,0,0,0,3.14159265359,36
33.35,85.7894487629,34.94046,2.2,-0.0321184524717,0,0,3.14159265359,37
33.4,85.7859635218,34.94046,2.2,-0.113803790073,0,0,3.14159265359,37
33.45,85.7775771605,34.94046,2.2,-0.225051440329,0,0,3.14159265359,37
33.5,85.7632561093,34.94046,2.2,-0.348524107098,0,0,3.14159265359,37
33.55,85.7427669817,34.94046,2.2,-0.469551770563,0,0,3.14159265359,37
33.6,85.7165432099,34.94046,2.2,-0.576131687243,0,0,3.14159265359,37
33.65,85.6855516817,34.94046,2.2,-0.658928389981,0,0,3.14159265359,37
33.7,85.6511593761,34.94046,2.2,-0.711273687954,0,0,3.14159265359,37
33.75,85.615,34.94046,2.2,-0.729166666667,0,0,3.14159265359,37
33.8,85.5788406239,34.94046,2.2,-0.711273687954,0,0,3.14159265359,37
33.85,85.5444483183,34.94046,2.2,-0.658928389981,0,0,3.14159265359,37
33.9,85.5134567901,34.94046,2.2,-0.576131687243,0,0,3.14159265359,37
33.95,85.4872330183,34.94046,2.2,-0.469551770563,0,0,3.14159265359,37
34,85.4667438907,34.94046,2.2,-0.348524107098,0,0,3.14159265359,37
34.05,85.4524228395,34.94046,2.2,-0.225051440329,0,0,3.14159265359,37
34.1,85.4440364782,34.94046,2.2,-0.113803790073,0,0,3.14159265359,37
34.15,85.4405512371,34.94046,2.2,-0.0321184524717,0,0,3.14159265359,37
34.2,85.44,34.94046,2.2,0,0,0,3.14159265359,37
34.25,85.4394487629,34.94046,2.2,-0.0321184524717,0,0,3.14159265359,38
34.3,85.4359635218,34.94046,2.2,-0.113803790073,0,0,3.14159265359,38
34.35,85.4275771605,34.94046,2.2,-0.225051440329,0,0,3.14159265359,38
34.4,85.4132561093,34.94046,2.2,-0.348524107097,0,0,3.14159265359,38
34.45,85.3927669817,34.94046,2.2,-0.469551770563,0,0,3.14159265359,38
34.5,85.3665432099,34.94046,2.2,-0.576131687243,0,0,3.14159265359,38
34.55,85.3355516817,34.94046,2.2,-0.658928389981,0,0,3.14159265359,38
34.6,85.3011593761,34.94046,2.2,-0.711273687954,0,0,3.14159265359,38
34.65,85.265,34.94046,2.2,-0.729166666667,0,0,3.14159265359,38
34.7,85.2288406239,34.94046,2.2,-0.711273687954,0,0,3.14159265359,38
34.75,85.1944483183,34.94046,2.2,-0.658928389981,0,0,3.14159265359,38
34.8,85.1634567901,34.94046,2.2,-0.576131687243,0,0,3.14159265359,38
34.85,85.1372330183,34.94046,2.2,-0.469551770563,0,0,3.14159265359,38
34.9,85.1167438907,34.94046,2.2,-0.348524107097,0,0,3.14159265359,38
34.95,85.1024228395,34.94046,2.2,-0.225051440329,0,0,3.14159265359,38
35,85.0940364782,34.94046,2.2,-0.113803790073,0,0,3.14159265359,38
35.05,85.0905512371,34.94046,2.2,-0.0321184524717,0,0,3.14159265359,38
35.1,85.09,34.94046,2.2,0,0,0,3.14159265359,38
35.15,85.0894487629,34.94046,2.2,-0.0321184524717,0,0,3.14159265359,39
35.2,85.0859635218,34.94046,2.2,-0.113803790073,0,0,3.14159265359,39
35.25,85.0775771605,34.94046,2.2,-0.225051440329,0,0,3.14159265359,39
35.3,85.0632561093,34.94046,2.2,-0.348524107097,0,0,3.14159265359,39
35.35,85.0427669817,34.94046,2.2,-0.469551770563,0,0,3.14159265359,39
35.4,85.0165432099,34.94046,2.2,-0.576131687243,0,0,3.14159265359,39
35.45,84.9855516817,34.94046,2.2,-0.658928389981,0,0,3.14159265359,39
35.5,84.9511593761,34.94046,2.2,-0.711273687954,0,0,3.14159265359,39
35.55,84.915,34.94046,2.2,-0.729166666667,0,0,3.14159265359,39
35.6,84.8788406239,34.94046,2.2,-0.711273687954,0,0,3.14159265359,39
35.65,84.8444483183,34.94046,2.2,-0.658928389981,0,0,3.14159265359,39
35.7,84.8134567901,34.94046,2.2,-0.576131687243,0,0,3.14159265359,39
35.75,84.7872330183,34.94046,2.2,-0.469551770563,0,0,3.14159265359,39
35.8,84.7667438907,34.94046,2.2,-0.348524107097,0,0,3.14159265359,39
35.85,84.7524228395,34.94046,2.2,-0.225051440329,0,0,3.14159265359,39
35.9,84.7440364782,34.94046,2.2,-0.113803790073,0,0,3.14159265359,39
35.95,84.7405512371,34.94046,2.2,-0.0321184524717,0,0,3.14159265359,39
36,84.74,34.94046,2.2,0,0,0,3.14159265359,39
36.05,84.7394487629,34.94046,2.2,-0.0321184524717,0,0,3.14159265359,40
36.1,84.7359635218,34.94046,2.2,-0.113803790073,0,0,3.14159265359,40
36.15,84.7275771605,34.94046,2.2,-0.225051440329,0,0,3.14159265359,40
36.2,84.7132561093,34.94046,2.2,-0.348524107098,0,0,3.14159265359,40
36.25,84.6927669817,34.94046,2.2,-0.469551770563,0,0,3.14159265359,40
36.3,84.6665432099,34.94046,2.2,-0.576131687243,0,0,3.14159265359,40
36.35,84.6355516817,34.94046,2.2,-0.658928389981,0,0,3.14159265359,40
36.4,84.6011593761,34.94046,2.2,-0.711273687954,0,0,3.14159265359,40
36.45,84.565,34.94046,2.2,-0.729166666667,0,0,3.14159265359,40
36.5,84.5288406239,34.94046,2.2,-0.711273687954,0,0,3.14159265359,40
36.55,84.4944483183,34.94046,2.2,-0.658928389981,0,0,3.14159265359,40
36.6,84.4634567901,34.94046,2.2,-0.576131687243,0,0,3.14159265359,40
36.65,84.4372330183,34.94046,2.2,-0.469551770563,0,0,3.14159265359,40
36.7,84.4167438907,34.94046,2.2,-0.348524107098,0,0,3.14159265359,40
36.75,84.4024228395,34.94046,2.2,-0.225051440329,0,0,3.14159265359,40
36.8,84.3940364782,34.94046,2.2,-0.113803790073,0,0,3.14159265359,40
36.85,84.3905512371,34.94046,2.2,-0.0321184524717,0,0,3.14159265359,40
36.9,84.39,34.94046,2.2,0,0,0,3.14159265359,40
36.95,84.3894487629,34.94046,2.2,-0.0321184524717,0,0,3.14159265359,41
37,84.3859635218,34.94046,2.2,-0.113803790073,0,0,3.14159265359,41
37.05,84.3775771605,34.94046,2.2,-0.225051440329,0,0,3.14159265359,41
37.1,84.3632561093,34.94046,2.2,-0.348524107097,0,0,3.14159265359,41
37.15,84.3427669817,34.94046,2.2,-0.469551770563,0,0,3.14159265359,41
37.2,84.3165432099,34.94046,2.2,-0.576131687243,0,0,3.14159265359,41
37.25,84.2855516817,34.94046,2.2,-0.658928389981,0,0,3.14159265359,41
37.3,84.2511593761,34.94046,2.2,-0.711273687954,0,0,3.14159265359,41
37.35,84.215,34.94046,2.2,-0.729166666667,0,0,3.14159265359,41
37.4,84.1788406239,34.94046,2.2,-0.711273687954,0,0,3.14159265359,41
37.45,84.1444483183,34.94046,2.2,-0.658928389981,0,0,3.14159265359,41
37.5,84.1134567901,34.94046,2.2,-0.576131687243,0,0,3.14159265359,41
37.55,84.0872330183,34.94046,2.2,-0.469551770563,0,0,3.14159265359,41
37.6,84.0667438907,34.94046,2.2,-0.348524107097,0,0,3.14159265359,41
37.65,84.0524228395,34.94046,2.2,-0.225051440329,0,0,3.14159265359,41
37.7,84.0440364782,34.94046,2.2,-0.113803790073,0,0,3.14159265359,41
37.75,84.0405512371,34.94046,2.2,-0.0321184524717,0,0,3.14159265359,41
37.8,84.04,34.94046,2.2,0,0,0,3.14159265359,41
37.85,84.0394487629,34.94046,2.2,-0.0321184524717,0,0,3.14159265359,42
37.9,84.0359635218,34.94046,2.2,-0.113803790073,0,0,3.14159265359,42
37.95,84.0275771605,34.94046,2.2,-0.225051440329,0,0,3.14159265359,42
38,84.0132561093,34.94046,2.2,-0.348524107098,0,0,3.14159265359,42
38.05,83.9927669817,34.94046,2.2,-0.469551770563,0,0,3.14159265359,42
38.1,83.9665432099,34.94046,2.2,-0.576131687243,0,0,3.14159265359,42
38.15,83.9355516817,34.94046,2.2,-0.658928389981,0,0,3.14159265359,42
38.2,83.9011593761,34.94046,2.2,-0.711273687954,0,0,3.14159265359,42
38.25,83.865,34.94046,2.2,-0.729166666667,0,0,3.14159265359,42
38.3,83.8288406239,34.94046,2.2,-0.711273687954,0,0,3.14159265359,42
38.35,83.7944483183,34.94046,2.2,-0.658928389981,0,0,3.14159265359,42
38.4,83.7634567901,34.94046,2.2,-0.576131687243,0,0,3.14159265359,42
38.45,83.7372330183,34.94046,2.2,-0.469551770563,0,0,3.14159265359,42
38.5,83.7167438907,34.94046,2.2,-0.348524107098,0,0,3.14159265359,42
38.55,83.7024228395,34.94046,2.2,-0.225051440329,0,0,3.14159265359,42
38.6,83.6940364782,34.94046,2.2,-0.113803790073,0,0,3.14159265359,42
38.65,83.6905512371,34.94046,2.2,-0.0321184524717,0,0,3.14159265359,42
38.7,83.69,34.94046,2.2,0,0,0,3.14159265359,42
38.75,83.6894487629,34.94046,2.2,-0.0321184524717,0,0,3.14159265359,43
38.8,83.6859635218,34.94046,2.2,-0.113803790073,0,0,3.14159265359,43
38.85,83.6775771605,34.94046,2.2,-0.225051440329,0,0,3.14159265359,43
38.9,83.6632561093,34.94046,2.2,-0.348524107097,0,0,3.14159265359,43
38.95,83.6427669817,34.94046,2.2,-0.469551770563,0,0,3.14159265359,43
39,83.6165432099,34.94046,2.2,-0.576131687243,0,0,3.14159265359,43
39.05,83.5855516817,34.94046,2.2,-0.658928389981,0,0,3.14159265359,43
39.1,83.5511593761,34.94046,2.2,-0.711273687954,0,0,3.14159265359,43
39.15,83.515,34.94046,2.2,-0.729166666667,0,0,3.14159265359,43
39.2,83.4788406239,34.94046,2.2,-0.711273687954,0,0,3.14159265359,43
39.25,83.4444483183,34.94046,2.2,-0.658928389981,0,0,3.14159265359,43
39.3,83.4134567901,34.94046,2.2,-0.576131687243,0,0,3.14159265359,43
39.35,83.3872330183,34.94046,2.2,-0.469551770563,0,0,3.14159265359,43
39.4,83.3667438907,34.94046,2.2,-0.348524107097,0,0,3.14159265359,43
39.45,83.3524228395,34.94046,2.2,-0.225051440329,0,0,3.14159265359,43
39.5,83.3440364782,34.94046,2.2,-0.113803790073,0,0,3.14159265359,43
39.55,83.3405512371,34.94046,2.2,-0.0321184524717,0,0,3.14159265359,43
39.6,83.34,34.94046,2.2,0,0,0,3.14159265359,43
