run,mission,status,blockers,hover_xy_rmse,hover_xy_max,hover_z_rmse,hover_z_max,fig_tsync_rmse_xy,fig_tsync_p95_xy,fig_tsync_max_xy,spiral_rmse_xyz,spiral_p95_xyz,spiral_max_xyz,spiral_rmse_z,spiral_max_z
sunray_ros1_pid_hover_tune_mass067_20260621_025439,takeoff_hover_land,blocked,steady_hover_z_rmse_above_max:0.076;steady_hover_z_error_above_max:0.152;steady_hover_xy_rmse_above_max:0.041;steady_hover_xy_above_max:0.062,0.04105418192772773,0.06180315239010758,0.07624067633393908,0.15249617041881103,,,,,,,,
sunray_ros1_pid_hover_tune_mass067_effective_20260621_025807,takeoff_hover_land,blocked,steady_hover_z_rmse_above_max:0.035;steady_hover_z_error_above_max:0.073;steady_hover_xy_rmse_above_max:0.041;steady_hover_xy_above_max:0.060,0.0414958136866881,0.059797771943526305,0.034862149094576626,0.07262513070784293,,,,,,,,
sunray_ros1_pid_hover_mass067_longsettle_20260621_030054,takeoff_hover_land,blocked,steady_hover_xy_rmse_above_max:0.046;steady_hover_xy_above_max:0.068,0.04597557728066198,0.06818493432383049,0.017189220981894158,0.02995305660385239,,,,,,,,
sunray_ros1_pid_hover_xy_kp3_kv4_kvi01_20260621_031,takeoff_hover_land,blocked,steady_hover_xy_rmse_above_max:0.049;steady_hover_xy_above_max:0.069,0.04853053500204618,0.06884383216015033,0.016169290418773106,0.029140969726443977,,,,,,,,
sunray_ros1_pid_hover_xy_kp4_kv3_kvi03_20260621_032,takeoff_hover_land,blocked,steady_hover_xy_rmse_above_max:0.038;steady_hover_xy_above_max:0.057,0.037900764016551805,0.05734024181807002,0.01730546863611497,0.02954917946772584,,,,,,,,
sunray_ros1_pid_hover_xy_kp5_kv3_kvi03_20260621_033,takeoff_hover_land,blocked,steady_hover_xy_rmse_above_max:0.033;steady_hover_xy_above_max:0.051,0.03324277965765957,0.05134775133336374,0.017504292609045496,0.029786768242676454,,,,,,,,
sunray_ros1_pid_hover_xy_kp6_kv35_kvi03_20260621_034,takeoff_hover_land,blocked,steady_hover_xy_rmse_above_max:0.030,0.02990714635284839,0.04925076408232174,0.015444183194358956,0.03073022195219699,,,,,,,,
sunray_ros1_pid_hover_xy_kp8_kv4_kvi03_20260621_035,takeoff_hover_land,blocked,steady_hover_xy_rmse_above_max:0.028,0.028480220839521255,0.04448581703891676,0.018002800181617432,0.0307524379582933,,,,,,,,
sunray_ros1_pid_hover_xy_kp8_kv4_kvi06_20260621_036,takeoff_hover_land,blocked,steady_hover_xy_rmse_above_max:0.029,0.028599291612352834,0.04607783660827731,0.01835299552895459,0.03192309067864607,,,,,,,,
sunray_ros1_pid_hover_loop200_kp8_kv4_kvi03_20260621_037,takeoff_hover_land,blocked,steady_hover_z_rmse_above_max:0.077;steady_hover_z_error_above_max:0.102;steady_hover_xy_rmse_above_max:0.026,0.025871080714807437,0.041260172032860774,0.07725048377412745,0.1018822755037947,,,,,,,,
sunray_ros1_pid_hover_loop200_kp8_kv4_kvi03_zkvi06_20260621_038,takeoff_hover_land,blocked,steady_hover_xy_rmse_above_max:0.026,0.026063924114777884,0.04160747145799694,0.017734379416813672,0.03063258393631041,,,,,,,,
sunray_ros1_pid_hover_loop200_kp10_kv5_kvi03_zkvi06_20260621_039,takeoff_hover_land,blocked,steady_hover_xy_rmse_above_max:0.029,0.029400829823464553,0.045609149314977775,0.016862108378940827,0.028296572516431473,,,,,,,,
sunray_ros1_pid_hover_home_sync_kp8_kv4_kvi03_zkvi06_20260621_041,takeoff_hover_land,blocked,steady_hover_xy_rmse_above_max:0.027,0.02724462848892237,0.04217101612053259,0.017330606273167116,0.029955386133028616,,,,,,,,
sunray_ros1_pid_hover_home_sync_kp8_kv5_kvi02_zkvi06_20260621_042,takeoff_hover_land,blocked,steady_hover_xy_rmse_above_max:0.029,0.02875092265718173,0.04323528992939494,0.017173629930982794,0.030923623795594102,,,,,,,,
sunray_ros1_pid_hover_home_sync_kp85_kv42_kvi03_zkvi06_20260621_043,takeoff_hover_land,blocked,steady_hover_xy_rmse_above_max:0.026,0.026482268704419016,0.04139808749697684,0.017845218704509617,0.03067452281553118,,,,,,,,
sunray_ros1_pid_hover_home_sync_kp75_kv38_kvi04_zkvi06_20260621_044,takeoff_hover_land,blocked,steady_hover_xy_rmse_above_max:0.027,0.027279022851010123,0.04329358089750454,0.01792904634503868,0.03119945432407656,,,,,,,,
sunray_ros1_pid_hover_home_sync_bias_kp85_kv42_kvi03_zkvi06_20260621_045,takeoff_hover_land,blocked,steady_hover_xy_rmse_above_max:0.020,0.02006338881140862,0.03292713448275251,0.012215267374986538,0.019674997228618984,,,,,,,,
sunray_ros1_pid_hover_home_sync_bias2_kp85_kv42_kvi03_zkvi06_20260621_046,takeoff_hover_land,passed,,0.0188494086394656,0.030673894140610312,0.011877768530193063,0.0207221615780655,,,,,,,,
sunray_ros1_pid_figure8_bias2_kp85_kv42_kvi03_zkvi06_20260621_047,figure8,blocked,steady_hover_z_rmse_above_max:0.371;steady_hover_z_error_above_max:0.554;steady_hover_xy_rmse_above_max:0.021;figure8_rmse_xy_above_max:0.099;figure8_max_xy_error_above_max:0.385;figure8_time_sync_rmse_xy_above_max:0.503;figure8_time_sync_max_xy_error_above_max:1.150,0.02103398217465921,0.028562271431921044,0.37144505146433937,0.5543607516260032,0.5034337579616663,,1.1504355540049607,,,,,
sunray_ros1_pid_figure8_slow_bias2_kp85_kv42_kvi03_zkvi06_20260621_048,figure8,blocked,figure8_rmse_xy_above_max:0.054;figure8_max_xy_error_above_max:0.351;figure8_time_sync_rmse_xy_above_max:0.565;figure8_time_sync_max_xy_error_above_max:1.401,0.018946614486731142,0.03365602941807924,0.011345956870333403,0.018212131021929645,0.5652285027908107,,1.4011831941240658,,,,,
sunray_ros1_pid_figure8_controlled_bias2_kp85_kv42_kvi03_zkvi06_20260621_049,figure8,blocked,steady_hover_xy_rmse_above_max:0.021;figure8_max_xy_error_above_max:0.362,0.021290444815603497,0.03251531074867798,0.01121707154807428,0.019238345160480064,0.1916326827783359,,0.7144991425002427,,,,,
sunray_ros1_pid_figure8_compact_bias2_kp85_kv42_kvi03_zkvi06_20260621_050,figure8,blocked,steady_hover_xy_rmse_above_max:0.034;steady_hover_xy_above_max:0.056;figure8_max_xy_error_above_max:0.163,0.03387316283266356,0.05568585232168914,0.011583516727698057,0.022057025123089047,0.058113335501514825,,0.28571529790298006,,,,,
sunray_ros1_pid_figure8_compact_bias2_kp10_kv52_kvi02_zkvi06_20260621_042623,figure8,blocked,steady_hover_xy_rmse_above_max:0.020;figure8_max_xy_error_above_max:0.055;figure8_time_sync_p95_xy_error_above_max:0.057;figure8_time_sync_max_xy_error_above_max:0.069,0.02044534869502258,0.032537108173985245,0.011303910946121485,0.0190400086998479,0.0330170088424517,0.05651923546247256,0.0693735819887967,,,,,
sunray_ros1_pid_figure8_compact_bias2_kp12_kv6_kvi015_zkvi06_20260621_043019,figure8,blocked,figure8_max_xy_error_above_max:0.109;figure8_time_sync_p95_xy_error_above_max:0.064;figure8_time_sync_max_xy_error_above_max:0.131,0.022832640895592175,0.03414444623460778,0.012309259554825718,0.018910413595351394,0.03716499994262246,0.06421162416874612,0.1307417142780033,,,,,
sunray_ros1_pid_figure8_compact_bias2_kp10_kv52_kvi02_period42_20260621_043425,figure8,blocked,figure8_max_xy_error_above_max:0.050;figure8_time_sync_p95_xy_error_above_max:0.059;figure8_time_sync_max_xy_error_above_max:0.106,0.02243947171356228,0.034360719094351226,0.012057329633898552,0.019082498534289005,0.03647430705597975,0.05925198455209565,0.10633461178957097,,,,,
sunray_ros1_pid_figure8_compact_bias2_kp10_kv52_kvi02_amp065_035_20260621_043901,figure8,blocked,figure8_max_xy_error_above_max:0.053;figure8_time_sync_p95_xy_error_above_max:0.055;figure8_time_sync_max_xy_error_above_max:0.071,0.021388103320583707,0.03311942828474088,0.011259087952466235,0.01870934847967476,0.03217470021147714,0.05546657071375566,0.07052992979259841,,,,,
sunray_ros1_pid_figure8_compact_bias2_kp10_kv52_kvi02_amp065_030_20260621_044236,figure8,blocked,figure8_max_xy_error_above_max:0.055;figure8_time_sync_p95_xy_error_above_max:0.055;figure8_time_sync_max_xy_error_above_max:0.064,0.019953300183404514,0.032485142829440844,0.01119485791917838,0.018487794739115326,0.031919083488699915,0.05450162658918753,0.06354877950679266,,,,,
sunray_ros1_pid_figure8_compact_bias2_kp10_kv52_kvi02_amp065_030_trajint_20260621_044643,figure8,blocked,figure8_max_xy_error_above_max:0.055;figure8_time_sync_p95_xy_error_above_max:0.054;figure8_time_sync_max_xy_error_above_max:0.065,0.01989731842047756,0.030983206278102464,0.011142844598951662,0.018369207401275345,0.03200180807624026,0.05437259358403792,0.06518170371316175,,,,,
sunray_ros1_pid_spiral_baseline_kp10_kv52_kvi02_r05_h06_20260621_045116,spiral_climb,blocked,steady_hover_xy_rmse_above_max:0.036;steady_hover_xy_above_max:0.056;spiral_rmse_xyz_above_max:0.063;spiral_p95_xyz_error_above_max:0.071;spiral_max_xyz_error_above_max:0.497,0.03609757173972291,0.05576902606811276,0.010940860126414395,0.022290438421706416,,,,0.06262228414418308,0.07071202780225513,0.49717527243457926,0.0294056634201254,0.07806333767982232
sunray_ros1_pid_spiral_smooth_entry_kp10_kv52_kvi02_r05_h06_20260621_045526,spiral_climb,blocked,spiral_p95_xyz_error_above_max:0.065;spiral_max_xyz_error_above_max:0.078,0.0198638557050837,0.03233126568106804,0.011780147974620821,0.019342231124669373,,,,0.045035665418386106,0.06516706781196346,0.07832794770965965,0.031036160024354373,0.07775920773478462
sunray_ros1_pid_spiral_smooth_entry_kp10_kv52_zkp35_zkv36_zkvi08_20260621_045906,spiral_climb,blocked,spiral_p95_xyz_error_above_max:0.065;spiral_max_xyz_error_above_max:0.076,0.021495667464142127,0.032520112135650245,0.01221957403378674,0.022729537331848237,,,,0.044939347720118435,0.06486840363647715,0.07604495680524365,0.03059640191668866,0.07567454414507191
sunray_ros1_pid_figure8_smoothramp4_kp10_kv52_kvi02_amp065_030_20260621_050733,figure8,blocked,steady_hover_z_rmse_above_max:0.457;steady_hover_z_error_above_max:0.595;figure8_max_xy_error_above_max:0.054;figure8_time_sync_p95_xy_error_above_max:0.050;figure8_time_sync_max_xy_error_above_max:0.064,0.015226727264706448,0.027833922143702068,0.4565829468760346,0.5945646192049387,0.029786150913179398,0.050454560265360764,0.06414105667457443,,,,,
sunray_ros1_pid_figure8_smoothramp6_kp10_kv52_kvi02_amp065_030_20260621_051128,figure8,blocked,steady_hover_z_rmse_above_max:0.173;steady_hover_z_error_above_max:0.295;figure8_max_xy_error_above_max:0.057;figure8_time_sync_p95_xy_error_above_max:0.051;figure8_time_sync_max_xy_error_above_max:0.061,0.013033316084517002,0.02279029510658029,0.17259000853174808,0.29510054410186526,0.030377212180751692,0.05078158253106014,0.06144782687715477,,,,,
sunray_ros1_pid_hover_stable_takeoff_kp10_kv52_kvi02_20260621_051559,takeoff_hover_land,blocked,steady_hover_xy_rmse_above_max:0.030,0.030177410176835538,0.04815534288432686,0.012836144084717423,0.021379430735074312,,,,,,,,
sunray_ros1_pid_hover_biascal_kp10_kv52_kvi02_20260621_051900,takeoff_hover_land,blocked,steady_hover_xy_rmse_above_max:0.022,0.02231072445366666,0.03274006458861184,0.010819386990037327,0.020743007267608915,,,,,,,,
sunray_ros1_pid_hover_biascal_g085_kp10_kv52_kvi02_20260621_052134,takeoff_hover_land,passed,,0.01723028855043608,0.029143432321261983,0.009668364433405045,0.01806556175728069,,,,,,,,
sunray_ros1_pid_figure8_biascal_g085_ramp4_kp10_kv52_amp065_030_20260621_052430,figure8,blocked,,,,,,,,,,,,,
sunray_ros1_pid_figure8_biascal_g085_ramp4_kp10_kv52_amp065_030_retry_20260621_052822,figure8,blocked,steady_hover_xy_rmse_above_max:0.021;figure8_time_sync_p95_xy_error_above_max:0.052;figure8_time_sync_max_xy_error_above_max:0.063,0.021489469380812785,0.03296702932722331,0.014203535557673707,0.02594056507416842,0.028863433356571346,0.0517731668070141,0.06314591380686636,,,,,
sunray_ros1_pid_figure8_biascal_g085_ramp4_lead02_kp10_kv52_amp065_030_20260621_053321,figure8,blocked,steady_hover_xy_rmse_above_max:0.021;figure8_time_sync_max_xy_error_above_max:0.064,0.021200884316498612,0.032913060251288505,0.013658201034032856,0.02201615037442517,0.023268791878188252,0.04064731745449785,0.06434708522903236,,,,,
sunray_ros1_pid_figure8_biascal_g10_ramp4_lead025_kp10_kv52_amp065_030_p42_20260621_053737,figure8,blocked,steady_hover_xy_rmse_above_max:0.044;steady_hover_xy_above_max:0.060;figure8_max_xy_error_above_max:0.055;figure8_time_sync_p95_xy_error_above_max:0.060;figure8_time_sync_max_xy_error_above_max:0.072,0.043595800420730024,0.060026737330755704,0.018766411456765046,0.043360846531300457,0.03673037680792034,0.06046648078921207,0.07213700788532454,,,,,
sunray_ros1_pid_spiral_biascal_g085_kp10_kv52_r05_h045_p36_20260621_054203,spiral_climb,blocked,steady_hover_xy_rmse_above_max:0.047;steady_hover_xy_above_max:0.061;spiral_p95_xyz_error_above_max:0.074;spiral_max_xyz_error_above_max:0.087,0.04709531519708715,0.06097741139040361,0.008929658049358781,0.01741559043531904,,,,0.04966560420517111,0.0739490897798204,0.08672602066752379,0.0325068356509718,0.0846593052134148
sunray_ros1_pid_spiral_fixedbias_lead02_kp10_kv52_r05_h045_p40_20260621_054615,spiral_climb,blocked,spiral_p95_xyz_error_above_max:0.058;spiral_max_xyz_error_above_max:0.079,0.021315040418104284,0.033298871604464424,0.011118507252288114,0.019785005526494315,,,,0.038373994179030965,0.057571427348428704,0.0793011942719336,0.028394960359323256,0.07804436821197314
sunray_ros1_pid_spiral_fixedbias_lead03_kp10_kv52_r05_h035_p44_20260621_055025,spiral_climb,blocked,spiral_p95_xyz_error_above_max:0.063;spiral_max_xyz_error_above_max:0.080,0.021800150839374262,0.03234027129980453,0.010976458800209055,0.018867083537373652,,,,0.04046252512880481,0.06252145259518439,0.0800358714661733,0.027427851588295582,0.07805305826395892
sunray_ros1_pid_hover_fixed_from_biascal_kp10_kv52_20260621_055520,takeoff_hover_land,blocked,steady_hover_xy_rmse_above_max:0.026,0.026049391357818585,0.03949038668558289,0.014819831236358492,0.027246992969117922,,,,,,,,
sunray_ros1_pid_figure8_fixedbias_scurve_lead02_kp10_kv52_amp065_030_20260621_055901,figure8,blocked,,,,,,,,,,,,,
sunray_ros1_pid_figure8_fixedbias_scurve_lead02_kp10_kv52_amp065_030_retry_20260621_060226,figure8,blocked,,,,,,,,,,,,,
sunray_ros1_pid_figure8_fixedbias_scurve_lead02_kp10_kv52_amp065_030_endfix_20260621_060756,figure8,blocked,steady_hover_xy_rmse_above_max:0.027;figure8_max_xy_error_above_max:0.052;figure8_time_sync_max_xy_error_above_max:0.061,0.026610039831774207,0.04393186447637524,0.010952837433294697,0.018629390684629987,0.026743919952874562,0.04413464539249093,0.06087391277010692,,,,,
sunray_ros1_pid_hover_freqaudit_1000phys_200ctrl_20260621_062308,takeoff_hover_land,passed,,0.018227247774969823,0.04025697056524919,0.012853539021654958,0.022890046558981192,,,,,,,,
sunray_ros1_pid_figure8_interp_recheck_g085_ramp4_lead02_kp10_kv52_20260621_062653,figure8,blocked,steady_hover_xy_rmse_above_max:0.023;figure8_time_sync_max_xy_error_above_max:0.056,0.022850769808140506,0.03443897158821504,0.013689125909746497,0.021399982557192887,0.02396149703623983,0.04124978090221523,0.055500514509797844,,,,,
sunray_ros1_pid_figure8_interp_tune_lead025_kp10_kv60_bias07_20260621_063108,figure8,blocked,steady_hover_xy_rmse_above_max:0.022;figure8_max_xy_error_above_max:0.055;figure8_time_sync_max_xy_error_above_max:0.064,0.021857173016414988,0.04858470276703289,0.010877190169044154,0.018919897299993993,0.02733441346440814,0.047954787213324725,0.06382738252294143,,,,,
sunray_ros1_pid_figure8_interp_nobias_lead02_kp10_kv52_20260621_063509,figure8,blocked,steady_hover_xy_rmse_above_max:0.028;figure8_time_sync_max_xy_error_above_max:0.058,0.027776873298322024,0.04344736335598675,0.01897579176422075,0.032402712226912156,0.023626935021820686,0.04195407250531493,0.05763319906673813,,,,,
sunray_ros1_pid_figure8_tune_kp11_kv52_g085_hold14_ramp5_lead02_20260621_064237,figure8,blocked,steady_hover_z_rmse_above_max:0.023;steady_hover_z_error_above_max:0.052;steady_hover_xy_rmse_above_max:0.030;figure8_max_xy_error_above_max:0.051;figure8_time_sync_max_xy_error_above_max:0.055,0.029731991412284862,0.0459598559299994,0.02344649419921483,0.05235343833190642,0.025357619566947487,0.04576125274649869,0.05543528777512514,,,,,
sunray_ros1_pid_hover_imu400_freqaudit_20260621_065005,takeoff_hover_land,blocked,steady_hover_xy_rmse_above_max:0.038;steady_hover_xy_above_max:0.062,0.03770713171965147,0.061797169793464994,0.011774600742698265,0.022096985013999593,,,,,,,,
sunray_ros1_pid_hover_imu400_freqaudit_fixedhz_20260621_065432,takeoff_hover_land,blocked,steady_hover_xy_rmse_above_max:0.021,0.021414051231289984,0.042068971455129604,0.013123743069474844,0.0222781453710601,,,,,,,,
sunray_ros1_pid_hover_tune_kvi03_g10_imu400_20260621_065808,takeoff_hover_land,blocked,steady_hover_xy_rmse_above_max:0.044;steady_hover_xy_above_max:0.055,0.043878722314031136,0.05533582394539772,0.007288863520783187,0.016658787492660476,,,,,,,,
sunray_ros1_pid_hover_tune_g040_kvi02_imu400_20260621_070126,takeoff_hover_land,passed,,0.019478850729001632,0.03507745135967221,0.013807077473076907,0.021920252949635177,,,,,,,,
sunray_ros1_pid_figure8_g040_kvi02_ramp4_lead02_imu400_20260621_070414,figure8,blocked,steady_hover_xy_rmse_above_max:0.022;figure8_time_sync_max_xy_error_above_max:0.053,0.021646395367044664,0.03423213054997615,0.016206671260016715,0.031190796504469986,0.02108187123134381,0.03963261263814567,0.05335655592481767,,,,,
sunray_ros1_pid_figure8_g040_kvi02_ramp4_lead015_imu400_20260621_070906,figure8,blocked,steady_hover_z_rmse_above_max:0.026;steady_hover_xy_rmse_above_max:0.028;figure8_time_sync_max_xy_error_above_max:0.060,0.028021345149664336,0.03888832611627621,0.025694092524007034,0.04771539625726584,0.023701584936237658,0.04115926092961279,0.06043463828156051,,,,,
sunray_ros1_pid_figure8_g040_kvi02_ramp4_lead022_imu400_20260621_071547,figure8,blocked,,,,,,,,,,,,,
sunray_ros1_pid_figure8_g040_kvi02_ramp4_lead022_timeout240_imu400_20260621_071958,figure8,blocked,steady_hover_xy_rmse_above_max:0.022;figure8_time_sync_max_xy_error_above_max:0.055,0.02208964377117488,0.034186278823901954,0.016252312904320283,0.030431878383687883,0.022003523554068326,0.04112367422978351,0.05473187757061354,,,,,
sunray_ros1_pid_figure8_g040_kvi02_hold18_pre4_ramp4_lead02_imu400_20260621_072444,figure8,blocked,steady_hover_z_rmse_above_max:0.030;steady_hover_z_error_above_max:0.054;steady_hover_xy_rmse_above_max:0.025;figure8_time_sync_max_xy_error_above_max:0.056,0.02457045744995943,0.0373300025774435,0.03020449986576969,0.053623350512996826,0.02174334127011627,0.040165110275257127,0.05571690968311948,,,,,
sunray_ros1_pid_figure8_g040_kvi02_ramp4_lead02_p42_imu400_20260621_072911,figure8,blocked,figure8_time_sync_max_xy_error_above_max:0.053,0.018517952174223085,0.030733206862876797,0.014768577361242145,0.023067147584849845,0.020355079914131227,0.03760439781942712,0.053115290902371395,,,,,
sunray_ros1_pid_figure8_g040_kvi02_ramp4_lead02_p44_imu400_20260621_073400,figure8,blocked,steady_hover_xy_rmse_above_max:0.020;figure8_time_sync_max_xy_error_above_max:0.058,0.020409241811084885,0.03174802886617012,0.015654422904693065,0.023410317047599216,0.021723008895961713,0.03826782257105867,0.057717578868948176,,,,,
sunray_ros1_pid_figure8_g040_kvi02_kv56_ramp4_lead02_p42_imu400_20260621_073910,figure8,blocked,steady_hover_xy_rmse_above_max:0.024;figure8_time_sync_max_xy_error_above_max:0.057,0.0236168106390803,0.035769323149640465,0.01712451404578851,0.04047420351573994,0.022037083194006143,0.039645558592208884,0.05687474985895344,,,,,
sunray_ros1_pid_figure8_g040_kvi02_kp95_kv52_ramp4_lead02_p42_imu400_20260621_074338,figure8,passed,,0.010502926597061018,0.022655815728359043,0.012807599004503284,0.02061151055728172,0.020896659050069346,0.03958459431775123,0.04887444491683382,,,,,
sunray_ros1_pid_spiral_kp95_kv52_z306_r05_h035_p44_lead02_imu400_20260621_074807,spiral_climb,blocked,spiral_p95_xyz_error_above_max:0.051;spiral_max_xyz_error_above_max:0.065,0.016238750446843656,0.030640218022391377,0.015230635374638453,0.023994978971828784,,,,0.030084348680984502,0.05057148618030365,0.06508646312435323,0.022461433784622165,0.061080359800666395
sunray_ros1_pid_spiral_kp95_kv52_z306_r05_h035_p48_lead02_imu400_20260621_075242,spiral_climb,blocked,steady_hover_xy_rmse_above_max:0.024;spiral_p95_xyz_error_above_max:0.051;spiral_max_xyz_error_above_max:0.063,0.023769518979747335,0.03588634498091478,0.016982557053170467,0.03692947683260939,,,,0.030021212048649763,0.05103567552491237,0.0633369440883033,0.02170726326033565,0.06127573264993269
sunray_ros1_pid_spiral_kp95_kv52_z306_r05_h035_p44_lead01_imu400_20260621_075740,spiral_climb,blocked,spiral_p95_xyz_error_above_max:0.052;spiral_max_xyz_error_above_max:0.066,0.01659490989841244,0.030786157193113537,0.01447613913996047,0.022494257337564605,,,,0.030723028873646908,0.051672476340080875,0.06645306283374777,0.022350011012595476,0.06197183583686039
sunray_ros1_pid_spiral_kp95_kv52_z334_kvi06_r05_h035_p44_lead02_imu400_20260621_080208,spiral_climb,blocked,steady_hover_z_rmse_above_max:0.026;steady_hover_xy_rmse_above_max:0.029;spiral_p95_xyz_error_above_max:0.054;spiral_max_xyz_error_above_max:0.067,0.02934282920081738,0.039936704820754974,0.026043632918815538,0.047668024628289896,,,,0.03337361652948062,0.053733587514040594,0.06685921606281127,0.023719326382675994,0.06668448609456501
sunray_ros1_pid_spiral_kp95_kv52_z306_r05_h030_p44_lead02_imu400_20260621_080902,spiral_climb,blocked,spiral_max_xyz_error_above_max:0.069,0.0076233801146110055,0.011525328286440567,0.011981389038653966,0.01975641210105228,,,,0.030382089215453188,0.04978189218153867,0.06948060417424641,0.02297952107761456,0.06462572114263909
sunray_ros1_pid_spiral_kp95_kv52_z306_kviz08_r05_h035_p44_lead02_imu400_20260621_081504,spiral_climb,blocked,spiral_max_xyz_error_above_max:0.062,0.010778913495310603,0.02210847619369317,0.014847104943013278,0.022895269757249093,,,,0.02958110725825591,0.049744169177893365,0.06208492851777888,0.021298672229361697,0.058130392839819356
sunray_ros1_pid_spiral_kp95_kv52_z306_r05_h035_p52_lead02_imu400_20260621_082031,spiral_climb,blocked,spiral_max_xyz_error_above_max:0.069,0.007559705657828289,0.012526198072394733,0.012366270556375855,0.01976370926247295,,,,0.02964827166509773,0.048230998197948446,0.06877525706414812,0.021792468714600985,0.06425659652951898
sunray_ros1_pid_spiral_kp95_kv52_z306_r05_h035_p44_smoothz_lead02_imu400_20260621_082608,spiral_climb,blocked,spiral_p95_xyz_error_above_max:0.052;spiral_max_xyz_error_above_max:0.065,0.012238616728918865,0.02930347659457521,0.014096204782712623,0.022351637882887188,,,,0.029808808931344185,0.05152719437597279,0.06508745340840312,0.022336023054592435,0.06349390908444286
sunray_ros1_pid_spiral_kp95_kv52_z306_r05_h035_p44_lead02_zcmd02_imu400_20260621_083058,spiral_climb,blocked,steady_hover_z_rmse_above_max:0.037;steady_hover_z_error_above_max:0.059;steady_hover_xy_rmse_above_max:0.031;spiral_p95_xyz_error_above_max:0.058;spiral_max_xyz_error_above_max:0.080,0.030699242439172176,0.040924798443142424,0.036640248411817754,0.059312119428952315,,,,0.03462641370693091,0.05772331021307043,0.07952320130856659,0.02330213287753345,0.07168382012188679
sunray_ros1_pid_spiral_kp95_kv52_hov385_z306_r05_h035_p44_lead02_imu400_20260621_083600,spiral_climb,blocked,spiral_p95_xyz_error_above_max:0.050;spiral_max_xyz_error_above_max:0.068,0.01098875504418141,0.023205418108502233,0.012322796603454726,0.019547635208430725,,,,0.030393223406248743,0.05026581091664141,0.06772305369143324,0.02277934939692524,0.06298472427139057
sunray_ros1_pid_spiral_kp95_kv52_z306_r045_h035_p44_lead02_imu400_20260621_084037,spiral_climb,blocked,spiral_max_xyz_error_above_max:0.066,0.013746307504955412,0.030883964055339472,0.012351721871050984,0.020328271790271968,,,,0.029747145168840854,0.04911665239837584,0.06645587540986633,0.022379074042995682,0.062399463140839107
sunray_ros1_pid_spiral_kp95_kv52_z306_r05_h025_p44_lead02_imu400_20260621_084508,spiral_climb,blocked,spiral_p95_xyz_error_above_max:0.051;spiral_max_xyz_error_above_max:0.068,0.012273732527876008,0.027724681005440576,0.012676982082807632,0.020745058509634262,,,,0.030340341445478477,0.050952008562621304,0.06804692821304671,0.022813294519380675,0.063915728519227
sunray_ros1_pid_spiral_kp95_kv52_z306_r05_h035_p44_lead02_entrysettle5_imu400_20260621_085031,spiral_climb,blocked,spiral_p95_xyz_error_above_max:0.051;spiral_max_xyz_error_above_max:0.071,0.008131589965158269,0.015564464102382384,0.012026074492308478,0.019348012048243435,,,,0.03055737977368419,0.05133899376096672,0.07137675966079096,0.02289237437593927,0.06643089933054558
sunray_ros1_pid_spiral_z25v40i06_r05_h035_p44_lead02_imu400_20260621_085528,spiral_climb,blocked,spiral_p95_xyz_error_above_max:0.062;spiral_max_xyz_error_above_max:0.079,0.010260801231362304,0.02190885379743631,0.01931237741345635,0.030226127196598895,,,,0.03447434282540876,0.061965377187027805,0.07911824317635097,0.02767688039118833,0.07873359358718601
sunray_ros1_pid_spiral_z27v36i06_r05_h035_p44_lead02_imu400_20260621_085936,spiral_climb,blocked,spiral_p95_xyz_error_above_max:0.057;spiral_max_xyz_error_above_max:0.076,0.019468802999629053,0.031228897608021965,0.019540356260397986,0.02990230502493163,,,,0.03224142377214701,0.057355175567835585,0.07555204513626923,0.025319251370223516,0.07362330090344393
sunray_ros1_pid_spiral_z30v40i06_r05_h035_p44_lead02_imu400_20260621_090338,spiral_climb,blocked,steady_hover_z_rmse_above_max:0.022;steady_hover_z_error_above_max:0.052;steady_hover_xy_rmse_above_max:0.025;spiral_p95_xyz_error_above_max:0.059;spiral_max_xyz_error_above_max:0.074,0.02513406388950647,0.038109417351163605,0.021528892977467417,0.05173537504386205,,,,0.033961097242808755,0.058938080382633734,0.07445346013877793,0.02575657130616033,0.06995867923552967
sunray_ros1_pid_spiral_kp95_kv52_z306_r05_h035_p44_cmd50_lead02_imu400_20260621_090806,spiral_climb,blocked,steady_hover_z_rmse_above_max:0.023;steady_hover_xy_rmse_above_max:0.021;spiral_p95_xyz_error_above_max:0.052;spiral_max_xyz_error_above_max:0.066,0.02146179454867219,0.029905606195133487,0.023262123527330546,0.032721949230117175,,,,0.03110869152305702,0.05201654597283839,0.06595987726037966,0.02277814411618064,0.06258202384607703
