time,x,y,z,x_ref,y_ref,z_ref,roll,pitch,yaw,u1,u2,u3,u4,battery_voltage,voltage_margin,battery_low_active,esc_saturation_ratio,flight_mode,active_setpoint_source,safety_status,event_code,system_supervisor_keepalive
0.0,0.0,0.0,0.0,0.0,0.0,0.0,-0.0,-0.0,-0.0,53.562090367172424,-53.562090367172424,53.562090367172424,-53.562090367172424,16.8,1.0,0.0,0.0,3.0,30.0,0.0,30.0,0.031
0.01,-1.9712136124698153e-05,0.0004331147039727595,-1.0241543683422624e-05,0.0,0.0,0.02,-0.5790521122728617,1.9835840514737915,1.7064565644316756,88.38487391236043,-62.370289833745005,30.379670042931597,-49.97511746642574,16.720000000000002,0.9714285714285721,0.0,0.25,3.0,30.0,0.0,30.0,0.031
0.02,-0.00042439379027663776,0.0014478906841157509,3.996896145156679e-05,0.0,0.0,0.04,1.241480158077686,-2.827352500447003,1.2776014091062464,102.45817635948814,-55.890288378186334,32.05780012274003,-55.890288378186334,16.64,0.9428571428571428,0.0,0.25,3.0,30.0,0.0,30.0,0.031
0.03,-0.00017858315194043897,0.00205753644503126,3.682110018722943e-05,0.0,0.0,0.06,0.09762738448630383,0.054587619303959375,-0.5923949635660696,67.6723421230254,-63.89065988829198,65.47544295270306,-62.96606428101853,16.560000000000002,0.9142857142857148,0.0,0.0,3.0,30.0,0.0,30.0,0.031
0.04,0.0004328385420694725,0.0031393132594949975,2.751541112552673e-05,0.0,0.0,0.08,-0.21911030975536117,2.0600944162825408,0.7891231716383617,94.134143689128,-77.27368145449553,43.5932297358718,-57.414219171003616,16.48,0.8857142857142857,0.0,0.25,3.0,30.0,0.0,30.0,0.031
0.05,0.0007958988493447808,0.004744436495046776,2.8735342562654948e-05,0.0,0.0,0.1,1.3797103661885566,-2.7523075304403926,0.7216814910094926,108.66653825267095,-68.37470558337515,38.26616201592285,-68.37470558337515,16.400000000000002,0.8571428571428577,0.0,0.25,3.0,30.0,0.0,30.0,0.031
0.06,0.0017479644474800795,0.006265065249621536,1.9885420858960017e-05,0.0,0.0,0.12,0.1221109213490627,0.11412904063117649,-1.2045128183247589,56.256689361119015,-70.6313412689756,83.5233876478758,-83.53031736499108,16.32,0.8285714285714285,0.0,0.5,3.0,30.0,0.0,30.0,0.031
0.07,0.003055858513995915,0.008307095592236507,1.2719257275388258e-05,0.0,0.0,0.14,-0.10241157464145278,2.0543183820093165,0.053891831505474205,92.44106302012707,-94.41673276288014,48.56645171768078,-67.89096782857834,16.240000000000002,0.8000000000000005,0.0,0.5,3.0,30.0,0.0,30.0,0.031
0.08,0.004352343440630421,0.010875305574417508,1.2511008605837621e-05,0.0,0.0,0.16,1.4556020097251927,-2.7337707365451283,0.09992566424439475,108.81729266541308,-82.3368765497057,38.416916428664976,-82.3368765497057,16.16,0.7714285714285712,0.0,0.25,3.0,30.0,0.0,30.0,0.031
0.09,0.006221914324731852,0.013593115980965994,5.302246332858335e-06,0.0,0.0,0.18,0.15579638240980864,0.18264006604261346,-1.8637450367186008,49.21929106426116,-84.10876977615024,87.9351055875638,-98.55083467456797,16.080000000000002,0.7428571428571433,0.0,0.75,3.0,30.0,0.0,30.0,0.031
0.1,0.008494179823485297,0.01688113248502024,1.4550733376112316e-07,0.0,0.0,0.2,0.06674600258671393,2.051206647764191,-0.7690805823644437,88.85215824808276,-109.90627987135936,47.77359342817062,-80.5844684545234,16.0,0.7142857142857141,0.0,0.5,3.0,30.0,0.0,30.0,0.031
0.11,0.011006369903833876,0.020707668015947665,-1.318178607748353e-06,0.0,0.0,0.22000000000000003,1.5069058766997097,-2.8003724204753797,-0.5950988499808326,105.69796151057005,-96.4462157844631,35.29758527382195,-96.4462157844631,15.92,0.6857142857142855,0.0,0.75,3.0,30.0,0.0,30.0,0.031
0.12,0.014105133693702268,0.02487429268919004,-7.0096123912527685e-06,0.0,0.0,0.24,0.09426658793975438,0.1923490146061714,-2.6029263542746564,54.95114164882599,-98.34552078658588,90.33260297526257,-96.56384124928667,15.84,0.6571428571428569,0.0,0.75,3.0,30.0,0.0,30.0,0.031
0.13,0.017654693206832068,0.029642112211899038,-1.2292208286049478e-05,0.0,0.0,0.26,0.011958512991851253,2.0228773186371507,-1.4846441593415938,87.72976197365358,-120.51497279021658,52.46615202990094,-85.37820649722111,15.760000000000002,0.628571428571429,0.0,0.75,3.0,30.0,0.0,30.0,0.031
0.14,0.021412779080615185,0.03498230224645133,-1.3274268453364385e-05,0.0,0.0,0.28,1.4806137630126914,-2.7631458964606965,-1.3507664657489915,105.50652645101098,-105.50652645101098,35.10615021426288,-105.50652645101098,15.68,0.5999999999999998,0.0,0.75,3.0,30.0,0.0,30.0,0.031
0.15,0.025753980181061828,0.040601087017032585,-1.9573048268816113e-05,0.0,0.0,0.3,0.16047926429166534,0.19301797877449847,2.9522606173407575,61.9046698997487,-87.89284700594655,109.0935408825087,-97.95645836556307,15.600000000000001,0.5714285714285718,0.0,0.75,3.0,30.0,0.0,30.0,0.031
0.16,0.030500268597493434,0.04680489187442946,-2.475649471383114e-05,0.0,0.0,0.32,0.05486475175181315,2.093054885199409,-2.2098698738349105,108.99316450269751,-107.1039857603895,76.265812753658,-69.43096127268093,15.520000000000001,0.5428571428571431,0.0,0.5,3.0,30.0,0.0,30.0,0.031
0.17,0.03541932375634603,0.05353699740537941,-2.5913352660110164e-05,0.0,0.0,0.34,1.5431126718529922,-2.7172393479533308,-2.0025744234085527,119.57423621489335,-98.87543413075534,49.173859978145245,-98.87543413075534,15.440000000000001,0.5142857142857146,0.0,0.75,3.0,30.0,0.0,30.0,0.031
0.18,0.04089142898021533,0.06054284512006269,-3.201130209070552e-05,0.0,0.0,0.36,0.23387959509179151,0.2300647960313327,2.274032880328143,67.46845482103825,-82.82801547989335,121.640618139612,-99.0562283980677,15.360000000000001,0.48571428571428604,0.0,0.5,3.0,30.0,0.0,30.0,0.031
0.19,0.046732088632587036,0.068110877791711,-3.704567678015011e-05,0.0,0.0,0.38,0.10162863410501091,2.1982616633085614,-2.882696936147752,111.28098360556021,-111.57129333016277,81.4551667201473,-70.99673397882759,15.280000000000001,0.4571428571428574,0.0,0.5,3.0,30.0,0.0,30.0,0.031
0.2,0.05272372362096058,0.07615788830402757,-3.812132661536558e-05,0.0,0.0,0.4,-1.4548629494005942,-0.5074518051205612,0.5932564195110249,112.63007211368193,-94.6478420059504,59.87935285126834,-112.2974989802849,15.200000000000001,0.4285714285714288,0.0,0.75,3.0,30.0,0.0,30.0,0.031
0.21,0.059275853060517386,0.08447347901309785,-4.416031378809592e-05,0.0,0.0,0.42000000000000004,0.327467244137125,0.37157196334833825,1.6425317698556658,67.77588418142197,-88.75707617908637,121.63323088741006,-105.30010570984636,15.120000000000001,0.40000000000000024,0.0,0.5,3.0,30.0,0.0,30.0,0.031
0.22,0.06620986147026746,0.09336721209033802,-4.7897614123156685e-05,0.0,0.0,0.44000000000000006,0.3048872862317186,2.256793928809561,2.615328854928101,115.82364739252912,-113.05524028620059,84.4950433417665,-73.98346810021509,15.040000000000001,0.37142857142857166,0.0,0.5,3.0,30.0,0.0,30.0,0.031
0.23,0.07349135129433068,0.10277735642843146,-5.029869716295358e-05,0.0,0.0,0.4600000000000001,-1.3705446947174713,-0.45832490049635033,-0.03958572163046694,130.15917037669055,-86.43607264522318,73.93577567455215,-86.43607264522318,14.96,0.3428571428571431,0.0,0.25,3.0,30.0,0.0,30.0,0.031
0.24,0.08132668187354998,0.11260954282488299,-5.5371268610736324e-05,0.0,0.0,0.48,0.3426555925165953,0.3935256468368791,0.9399297011450478,86.95059707308602,-87.22568073194407,130.15917037669055,-89.13543299549619,14.88,0.3142857142857145,0.0,0.25,3.0,30.0,0.0,30.0,0.031
0.25,0.08958697877659767,0.12300211822487095,-5.9571106672864094e-05,0.0,0.0,0.5,0.27391485981428537,2.3332727692323076,1.9614759547476392,124.84567725503504,-109.58487259002115,99.06597961226592,-64.96419399604218,14.8,0.2857142857142859,0.0,0.75,3.0,30.0,0.0,30.0,0.031
0.26,0.09818012852950372,0.1338883733661334,-6.188475588011264e-05,0.0,0.0,0.52,-1.2394063562598787,-0.5392745721573051,-0.6169425253280094,130.15917037669055,-80.67516116408117,92.33606824048232,-90.87586067415987,14.72,0.2571428571428573,0.0,0.5,3.0,30.0,0.0,30.0,0.031
0.27,0.1073313779934424,0.1451502612386305,-6.719732740861808e-05,0.0,0.0,0.54,0.4540367021739778,0.5299913676417805,0.2663039773903244,89.46510259367173,-86.18681912984295,130.15917037669055,-95.29007117448049,14.64,0.2285714285714287,0.0,0.5,3.0,30.0,0.0,30.0,0.031
0.28,0.116921224838455,0.15696188429970245,-7.056869614135774e-05,0.0,0.0,0.56,0.4347497069434917,2.402051946540134,1.2107971888531397,128.82694751745697,-110.85465093363314,98.4362382808655,-70.84498393347651,14.56,0.20000000000000012,0.0,0.75,3.0,30.0,0.0,30.0,0.031
0.29,0.12698953861216444,0.16929964047716364,-7.36505068878792e-05,0.0,0.0,0.58,-1.1740453593976798,-0.4888978643324692,-1.263546538746604,130.15917037669055,-96.2025152437543,86.45118592789375,-88.18182793888842,14.48,0.17142857142857154,0.0,0.5,3.0,30.0,0.0,30.0,0.031
0.3,0.13760985562557715,0.18209443578779333,-7.831411984571873e-05,0.0,0.0,0.6,0.4900936441815505,0.547439677690305,-0.4446945248992733,91.64708455346647,-100.38790949551658,126.7566873771112,-96.96020214207473,14.4,0.14285714285714296,0.0,0.75,3.0,30.0,0.0,30.0,0.031
0.31,0.1486800017305005,0.19542442496901513,-8.20170231987415e-05,0.0,0.0,0.62,0.4151564886232329,2.503158588064234,0.5616979900784971,122.35617583620089,-122.3956939241468,97.41013906942447,-76.9413544541751,14.32,0.11428571428571435,0.0,0.75,3.0,30.0,0.0,30.0,0.031
0.32,0.1601650037939183,0.2092104453558125,-8.482332696578421e-05,0.0,0.0,0.64,-1.01004102632906,-0.5303504596790188,-1.8067758571720545,118.39258226072354,-104.6498125174389,99.5067094391598,-99.88416601805525,14.24,0.08571428571428577,1.0,1.0,6.0,30.0,0.0,61.0,0.031
0.33,0.1722095915129096,0.22340688868289513,-8.937362531289292e-05,0.0,0.0,0.66,0.5701238452244068,0.6948205372789278,-1.1149386073102467,87.04728702044284,-109.20498919837726,120.8870100488704,-108.60717826861995,14.16,0.057142857142857176,1.0,0.75,6.0,30.0,0.0,61.0,0.031
0.34,0.1847178587822845,0.23814418930758918,-9.229715497447802e-05,0.0,0.0,0.68,0.5471464663929853,2.544988324184607,-0.1676651648004892,119.10828540256969,-130.15917037669055,89.63647789441075,-89.68683504698359,14.08,0.028571428571428588,1.0,0.5,6.0,30.0,0.0,61.0,0.031
0.35000000000000003,0.19768520616484675,0.2532760215787329,-9.454446964660348e-05,0.0,0.0,0.7000000000000001,-0.9822177413194382,-0.4912177823942172,-2.4799626424415804,117.64985801472957,-123.41239025306297,87.76094774535085,-103.51518450377333,14.0,0.0,1.0,0.75,6.0,30.0,0.0,61.0,0.031
0.36,0.2113146187545628,0.2686299846692504,-0.00010449560112009391,0.0,0.0,0.72,0.6345880097967007,0.6973733558380316,-1.8447472323501213,85.19284475875637,-124.89780715179128,109.83752587863515,-115.69609116719428,14.0,0.0,1.0,0.75,6.0,30.0,0.0,61.0,0.031
0.37,0.22493364358295123,0.2846992728555455,-0.0001041796464469436,0.0,0.0,0.74,0.49648210579911634,2.6604360555512985,-0.7855743686538152,109.24157134433321,-130.15917037669055,87.0481903579209,-97.20538738601034,14.0,0.0,1.0,0.75,6.0,30.0,0.0,61.0,0.031
0.38,0.2385992805778356,0.3007750904158198,-6.126534511565666e-05,0.0,0.0,0.76,-0.8387111657679497,-0.5417149464191622,-2.9951107435816264,95.91357486964392,-119.65798812549204,108.55140370167734,-118.06365460588427,14.0,0.0,1.0,0.75,6.0,30.0,0.0,61.0,0.031
0.39,0.25313270952287203,0.3166424506679199,-7.88115904427856e-05,0.0,0.0,0.78,0.789898223084191,0.8534485351601254,-2.526317715109058,82.88896707682024,-125.55823191478552,108.41135540309108,-128.60897404088666,14.0,0.0,1.0,0.75,6.0,30.0,0.0,61.0,0.031
0.4,0.26715577120256806,0.3334220082639952,-3.092854684078396e-05,0.0,0.0,0.8,0.662974982548555,2.834943284641174,-1.4381863952706508,110.30365393027748,-130.15917037669055,80.39231814291125,-108.78387169706993,14.0,0.0,1.0,0.75,6.0,30.0,0.0,61.0,0.031
0.41000000000000003,0.2811800363688223,0.34985102400308754,0.000202173427703099,0.0,0.0,0.8200000000000001,-0.6449306462400838,-0.48033092271737565,2.7875897803283074,88.55076785594684,-127.37472662817297,116.44905759090534,-119.64975210042275,14.0,0.0,1.0,0.75,6.0,30.0,0.0,61.0,0.031
0.42,0.29611746837581465,0.3660006129631791,0.00018106290824182223,0.0,0.0,0.8400000000000001,0.8218981164373979,0.9604947102644075,3.1221196284485027,94.9807490375085,-128.54136600752165,109.4028372578141,-122.37561762887054,14.0,0.0,1.0,0.75,6.0,30.0,0.0,61.0,0.031
0.43,0.31029416884863775,0.3831174844841566,0.0002653615559785714,0.0,0.0,0.86,0.8099721485327785,2.8250421393473446,-2.1448215683090024,122.54568901444009,-130.15917037669055,82.81181197906693,-111.28294715806851,14.0,0.0,1.0,0.75,6.0,30.0,0.0,61.0,0.031
0.44,0.3244727659113423,0.3996634507357742,0.0006041107012161605,0.0,0.0,0.8800000000000001,-0.5826854110612,-0.29551414253298847,2.066047567117891,107.15961659819263,-130.15917037669055,106.50360358933327,-99.35626122863066,14.0,0.0,1.0,1.0,6.0,30.0,0.0,61.0,0.031
0.45,0.33953313058810236,0.41591694253439,0.0005802960976806524,0.0,0.0,0.9,0.8803180943100178,1.1781670023525268,2.2471012336197296,129.19709660384976,-130.15917037669055,109.12198958037789,-89.17156149283254,14.0,0.0,1.0,0.75,6.0,30.0,0.0,61.0,0.031
0.46,0.35362783095820416,0.4331136865985195,0.0007192104697050603,0.0,0.0,0.9200000000000002,0.963578198390965,2.9881405132560923,-3.0418494615994707,130.15917037669055,-130.15917037669055,85.64948599371999,-113.37668864117506,14.0,0.0,1.0,0.75,6.0,30.0,0.0,61.0,0.031
0.47000000000000003,0.36789925964211245,0.4495413454607326,0.001008140752256022,0.0,0.0,0.9400000000000001,-0.369159320103884,-0.26291725903905677,1.2797427611640808,102.67532096154821,-130.15917037669055,119.67890898493957,-101.7523285143395,14.0,0.0,1.0,1.0,6.0,30.0,0.0,61.0,0.031
0.48,0.38295226783825703,0.46583949520279405,0.0009225722963469731,0.0,0.0,0.96,1.3665546570057625,1.1730729068867338,1.0112092711332499,130.15917037669055,-130.15917037669055,100.54263614193857,-105.15040129580476,14.0,0.0,1.0,1.0,6.0,30.0,0.0,61.0,0.031
0.49,0.3969803302984989,0.48306101701003273,0.0010841694144482128,0.0,0.0,0.9800000000000001,0.8895929506542314,3.1287106255279453,2.5433041139070256,130.15917037669055,-127.43469145209085,106.36433447028705,-97.63979079304107,14.0,0.0,1.0,1.0,6.0,30.0,0.0,61.0,0.031
0.5,0.4112689396940772,0.4994685381942696,0.0013662991579797613,0.0,0.0,1.0,-0.29685823393747435,-0.3735076078088013,0.6805038818006113,99.16396357064076,-111.00815902803106,130.15917037669055,-110.57615575841194,14.0,0.0,1.0,1.0,6.0,30.0,0.0,61.0,0.031
0.51,0.4263510619464124,0.5157587401090852,0.0009222125324311441,0.0,0.0,1.02,1.3753412857728347,1.0686185872183447,0.4472105713563433,130.15917037669055,-103.73575032066708,124.516751950226,-118.76746943899886,14.0,0.0,1.0,1.0,6.0,30.0,0.0,61.0,0.031
0.52,0.4404159859726422,0.5329990311285963,0.001068113110648026,0.0,0.0,1.04,0.8073928690393485,3.0985296440195107,2.0294840586063962,130.15917037669055,-124.97760625117647,117.83100768841496,-91.24587886315717,14.0,0.0,1.0,0.75,6.0,30.0,0.0,61.0,0.031
0.53,0.45467262819781534,0.549465861697585,0.001385164239625695,0.0,0.0,1.06,-0.3780026300680797,-0.41124124922878136,0.14302998765398686,104.95717618069745,-105.82210631771065,130.15917037669055,-114.0119608101254,14.0,0.0,1.0,1.0,6.0,30.0,0.0,61.0,0.031
0.54,0.469773829662715,0.5657403593132209,0.0009226902041449719,0.0,0.0,1.08,1.1790107153123461,1.0773123737277681,0.09236610768106675,130.15917037669055,-107.68518265423819,130.15917037669055,-118.65807647215061,14.0,0.0,1.0,1.0,6.0,30.0,0.0,61.0,0.031
0.55,0.48388560523100693,0.5829787105313265,0.0010575269332456171,0.0,0.0,1.1,0.8639290930632426,2.998843483673364,1.4462858004678798,130.15917037669055,-124.39049865615848,116.43730450268941,-97.81375594723039,14.0,0.0,1.0,1.0,6.0,30.0,0.0,61.0,0.031
0.56,0.49815170095573097,0.5994668612531423,0.0013707751664619263,0.0,0.0,1.12,-0.444338393856834,-0.2857264326143261,-0.5312749190343298,121.6799932692949,-128.6188323188134,130.15917037669055,-102.13090554660468,14.0,0.0,1.0,1.0,6.0,30.0,0.0,61.0,0.031
0.5700000000000001,0.5132267993006531,0.6157795009055944,0.0009230283470000086,0.0,0.0,1.1400000000000001,1.0759675597662275,1.2392449842177464,-0.5494351765862593,130.15917037669055,-130.15917037669055,119.7215580660455,-104.27077633937876,14.0,0.0,1.0,1.0,6.0,30.0,0.0,61.0,0.031
0.58,0.5272873134575925,0.632998112153267,0.0010858634011374822,0.0,0.0,1.16,1.0505640445993594,3.038306511342536,0.609337856319633,130.15917037669055,-125.7900225196648,104.19962287282121,-115.31523691324732,14.0,0.0,1.0,1.0,6.0,30.0,0.0,61.0,0.031
0.59,0.5416435386295289,0.649376041371057,0.0013007219836289807,0.0,0.0,1.18,-0.30491076183138294,-0.1367736434277246,-1.3636671622696075,127.65735091177041,-130.15917037669055,130.15917037669055,-97.85218352641272,14.0,0.0,1.0,1.0,6.0,30.0,0.0,61.0,0.031
0.6,0.5566575332054574,0.6657623351397721,0.0009222550369750942,0.0,0.0,1.2,-1.4022480580588623,1.8289597843477068,1.0908045855138562,130.15917037669055,-130.15917037669055,105.10135756384159,-117.96389692506432,14.0,0.0,1.0,1.0,6.0,30.0,0.0,61.0,0.031
0.61,0.570615715091111,0.6829713927919011,0.0011326348993569188,0.0,0.0,1.22,1.078144179223433,-3.057501496796843,-0.21184203202701096,130.15917037669055,-130.15917037669055,96.61298487934627,-128.24911554077153,14.0,0.0,1.0,1.0,6.0,30.0,0.0,61.0,0.031
0.62,0.5850351618638585,0.6992660642210952,0.0012818098151004434,0.0,0.0,1.24,-0.1456114297507768,-0.19538484071211884,-2.0832173032749552,97.82054950123371,-130.15917037669055,130.15917037669055,-130.15917037669055,14.0,0.0,1.0,1.0,6.0,30.0,0.0,61.0,0.031
0.63,0.6000562643329762,0.715672043055268,0.000921353159287974,0.0,0.0,1.26,-1.2690863094628775,1.9647918890406761,0.30306538832478025,130.15917037669055,-130.15917037669055,95.88037352522548,-130.15917037669055,14.0,0.0,1.0,0.75,6.0,30.0,0.0,61.0,0.031
0.64,0.6140121269769945,0.7329077256205137,0.0011298127567500502,0.0,0.0,1.28,0.9699231847871788,-3.008690244074193,-0.8098906411008159,130.15917037669055,-130.15917037669055,92.60975517185724,-130.15917037669055,14.0,0.0,1.0,0.75,6.0,30.0,0.0,61.0,0.031
0.65,0.6284082631615292,0.7492378679415251,0.0013159983862479781,0.0,0.0,1.3,-0.16184447939796553,-0.2944627024405104,-2.620918916527076,86.25293725303827,-130.15917037669055,130.15917037669055,-130.15917037669055,14.0,0.0,1.0,0.75,6.0,30.0,0.0,61.0,0.031
0.66,0.6434695712838804,0.7656144670804218,0.000921349088549513,0.0,0.0,1.32,-1.4822853351141378,1.999959003826221,-0.011324251429142614,125.39954199332544,-130.15917037669055,99.71861064168158,-130.15917037669055,14.0,0.0,1.0,1.0,6.0,30.0,0.0,61.0,0.031
0.67,0.6574762344007437,0.7828672891299426,0.0011066353956380268,0.0,0.0,1.34,0.9370384866215277,-3.0981501540052823,-1.330043633002603,130.15917037669055,-130.15917037669055,88.92683251605686,-130.15917037669055,14.0,0.0,1.0,0.75,6.0,30.0,0.0,61.0,0.031
0.68,0.6718422980158327,0.7992545172314711,0.0013325775372762198,0.0,0.0,1.36,-0.271041855065098,-0.2661113253786063,3.077019354673144,92.4065220535307,-130.15917037669055,130.15917037669055,-130.15917037669055,14.0,0.0,1.0,0.75,6.0,30.0,0.0,61.0,0.031
0.6900000000000001,0.6869095067278955,0.8156298671513625,0.0009219330151776042,0.0,0.0,1.3800000000000001,1.4644233116025216,1.2501459578334078,2.6924766434195235,130.15917037669055,-130.15917037669055,104.30365880865385,-130.15917037669055,14.0,0.0,1.0,1.0,6.0,30.0,0.0,61.0,0.031
0.7000000000000001,0.7009319651462336,0.8328689429401712,0.001110032145877041,0.0,0.0,1.4000000000000001,1.0714559448101546,3.1121342746354848,-2.030932839560681,130.15917037669055,-130.15917037669055,85.12283768650316,-130.15917037669055,14.0,0.0,1.0,0.75,6.0,30.0,0.0,61.0,0.031
0.71,0.7153458477679697,0.8492229593538885,0.0012779158970998346,0.0,0.0,1.42,-0.2669858400288834,-0.09212042953620449,2.2920950293526596,112.89760167851612,-130.15917037669055,130.15917037669055,-114.4389989004789,14.0,0.0,1.0,1.0,6.0,30.0,0.0,61.0,0.031
0.72,0.7303449981649338,0.8656656446746026,0.0009221114272876154,0.0,0.0,1.44,-1.0996204950225223,1.7646283885718246,-1.8589200627802507,130.15917037669055,-130.15917037669055,116.89493178263469,-108.22322085237235,14.0,0.0,1.0,1.0,6.0,30.0,0.0,61.0,0.031
0.73,0.7442860211806507,0.8828617091667783,0.0011556413144428802,0.0,0.0,1.46,1.2127499306334395,-3.03699524276521,-2.898716971837036,130.15917037669055,-130.15917037669055,85.8280642072376,-130.15917037669055,14.0,0.0,1.0,0.75,6.0,30.0,0.0,61.0,0.031
0.74,0.7587921601711918,0.8991028925014032,0.0011949994343928027,0.0,0.0,1.48,-0.08675258288188907,-0.03803017733747517,1.4545208919444428,110.50419094631778,-130.15917037669055,130.15917037669055,-116.75673388649965,14.0,0.0,1.0,1.0,6.0,30.0,0.0,61.0,0.031
0.75,0.7737459020151147,0.9156025982900362,0.0009212683170728642,0.0,0.0,1.5,-0.7594858331787838,1.9130044301788214,-2.974231116389861,130.15917037669055,-130.15917037669055,115.43959905882623,-109.6785535761808,14.0,0.0,1.0,1.0,6.0,30.0,0.0,61.0,0.031
0.76,0.787642176988816,0.932804060160953,0.0011792284520524394,0.0,0.0,1.52,1.141959867607353,-2.9033200508155494,2.669163474196552,130.15917037669055,-125.28601703610599,107.51180079373009,-117.60635184127696,14.0,0.0,1.0,1.0,6.0,30.0,0.0,61.0,0.031
0.77,0.8021591467931821,0.9490347152096241,0.0012174873440191317,0.0,0.0,1.54,-0.018336869610197294,-0.14878267585768307,0.8391460917744509,106.74886324308747,-118.36928939191955,130.15917037669055,-122.47287307309671,14.0,0.0,1.0,1.0,6.0,30.0,0.0,61.0,0.031
0.78,0.8171540100963713,0.9655150445726282,0.0009207314130538148,0.0,0.0,1.56,-0.995284733744871,1.986278520547039,2.9702654608692116,130.15917037669055,-130.15917037669055,123.47467445577513,-106.65523962610206,14.0,0.0,1.0,1.0,6.0,30.0,0.0,61.0,0.031
0.79,0.8310816485443283,0.9827507217844604,0.0011566942580363494,0.0,0.0,1.58,1.0424200896588143,-2.940691919504081,2.1263268845767915,130.15917037669055,-123.30735828192098,117.87640601616297,-107.24174661884405,14.0,0.0,1.0,1.0,6.0,30.0,0.0,61.0,0.031
0.8,0.8455521212879694,0.9990406356258761,0.0012654984251298732,0.0,0.0,1.6,-0.10389600505777052,-0.20816668283914408,0.3093482702025924,109.35817286670022,-115.75997976830683,130.15917037669055,-119.32465619148172,14.0,0.0,1.0,1.0,6.0,30.0,0.0,61.0,0.031
0.81,0.8605872695754911,1.015486435783917,0.0009210148243108167,0.0,0.0,1.6200000000000003,-1.2369583085417557,1.9225317046115902,2.6555026094785523,130.15917037669055,-123.81161190820032,127.4446437396343,-114.5473248477943,14.0,0.0,1.0,1.0,6.0,30.0,0.0,61.0,0.031
0.8200000000000001,0.8745606048811664,1.0327314164104293,0.0011381831314454167,0.0,0.0,1.6400000000000001,1.0797502770570622,-3.058780733029923,1.5385869244093573,130.15917037669055,-121.6988055431357,114.65501656984156,-110.46313606516549,14.0,0.0,1.0,1.0,6.0,30.0,0.0,61.0,0.031
0.8300000000000001,0.8890249431961679,1.049052371320106,0.0012584284479711329,0.0,0.0,1.6600000000000001,-0.19996613118479173,-0.10338996398819499,-0.3742096203348868,116.24669743943016,-130.15917037669055,130.15917037669055,-110.12213212045654,14.0,0.0,1.0,1.0,6.0,30.0,0.0,61.0,0.031
0.84,0.9040294844959414,1.0655267834900306,0.0009217126549656225,0.0,0.0,1.6800000000000002,-1.0036550276388887,1.7748133414991176,1.6764720544704208,130.15917037669055,-130.15917037669055,119.81895476911134,-105.2991978658957,14.0,0.0,1.0,1.0,6.0,30.0,0.0,61.0,0.031
0.85,0.9179781621249854,1.0827293546181471,0.0011638644746208534,0.0,0.0,1.7,1.255244034338524,-3.048816817562235,0.7247447270675367,130.15917037669055,-123.12776193312837,101.99039070187867,-123.12776193312837,14.0,0.0,1.0,1.0,6.0,30.0,0.0,61.0,0.031
0.86,0.9325213227467125,1.0989676028233135,0.0011623266637945055,0.0,0.0,1.72,-0.09691766984768617,0.04795230136259092,-1.2439028270266097,121.36960318804228,-130.15917037669055,130.15917037669055,-103.74854944696477,14.0,0.0,1.0,1.0,6.0,30.0,0.0,61.0,0.031
0.87,0.947438906819196,1.1155176527211095,0.0009216026752469788,0.0,0.0,1.7399999999999998,-0.3961475222466864,1.8796256583893134,0.21716979648979676,130.15917037669055,-130.15917037669055,116.16438951980584,-108.95376311520121,14.0,0.0,1.0,1.0,6.0,30.0,0.0,61.0,0.031
0.88,0.9613190989735081,1.1326843275765666,0.00120473169281535,0.0,0.0,1.7600000000000002,1.2863212112427627,-2.8795481859971455,-0.09164803955123535,130.15917037669055,-130.15917037669055,91.75457794665101,-130.15917037669055,14.0,0.0,1.0,0.75,6.0,30.0,0.0,61.0,0.031
0.89,0.9759154220316253,1.1488609661839306,0.001124346099465378,0.0,0.0,1.78,0.04830291619573437,-0.010170789378978121,-1.9913588805928102,93.48828492372283,-130.15917037669055,130.15917037669055,-130.15917037669055,14.0,0.0,1.0,0.75,6.0,30.0,0.0,61.0,0.031
0.9,0.9908409109445794,1.1654238706734135,0.0009206912560035419,0.0,0.0,1.8,-0.6060721855527714,1.9974525220970596,-0.24652609383049265,129.4573882135069,-130.15917037669055,104.06467772442119,-121.05347491058586,14.0,0.0,1.0,1.0,6.0,30.0,0.0,61.0,0.031
0.91,1.0047215012327946,1.1826234924014276,0.0011992543465266484,0.0,0.0,1.8199999999999998,1.1645871249712856,-2.8358407177356626,-0.7126052324152414,130.15917037669055,-130.15917037669055,86.11203566635963,-130.15917037669055,14.0,0.0,1.0,0.75,6.0,30.0,0.0,61.0,0.031
0.92,1.0192832961499791,1.1988371584725623,0.001185658970922482,0.0,0.0,1.8400000000000003,0.024071180489000563,-0.12289570643163406,-2.529980788372299,84.25512288459605,-130.15917037669055,130.15917037669055,-130.15917037669055,14.0,0.0,1.0,0.75,6.0,30.0,0.0,61.0,0.031
0.93,1.0342681392647872,1.215355111690817,0.0009205139329258551,0.0,0.0,1.86,-0.8785458039159894,1.9753060496807704,-0.5135153989726047,127.60468391215565,-130.15917037669055,97.96314032510047,-130.15917037669055,14.0,0.0,1.0,1.0,6.0,30.0,0.0,61.0,0.031
0.9400000000000001,1.0481929756661428,1.2325878669379389,0.0011688503553096844,0.0,0.0,1.8800000000000001,1.110141532675645,-2.937776599067902,-1.2537255697521612,130.15917037669055,-130.15917037669055,83.1112045851411,-130.15917037669055,14.0,0.0,1.0,0.75,6.0,30.0,0.0,61.0,0.031
0.9500000000000001,1.0627106171929275,1.2488607901883626,0.0012240016344207245,0.0,0.0,1.9,-0.09944613367657125,-0.11474065459723666,-3.113313681435006,89.5690646065211,-130.15917037669055,130.15917037669055,-130.15917037669055,14.0,0.0,1.0,0.75,6.0,30.0,0.0,61.0,0.031
0.96,1.077713143675571,1.2653622603143857,0.0009211608286427646,0.0,0.0,1.92,-0.9308160466138069,1.8408615679019888,-1.1000356060339933,130.15917037669055,-130.15917037669055,102.19471954778012,-122.92343308722693,14.0,0.0,1.0,1.0,6.0,30.0,0.0,61.0,0.031
0.97,1.0916613368702,1.2825804448991427,0.0011669495278819526,0.0,0.0,1.94,1.22893078307227,-3.0314814025472283,-1.9545609015678969,130.15917037669055,-130.15917037669055,79.87489651407469,-130.15917037669055,14.0,0.0,1.0,0.75,6.0,30.0,0.0,61.0,0.031
0.98,1.1062131736946834,1.2988344123127311,0.0011664251874998663,0.0,0.0,1.9600000000000002,-0.12003175862845605,0.04766611568945102,2.367234753003376,111.04697653654658,-130.15917037669055,130.15917037669055,-114.07117609846046,14.0,0.0,1.0,1.0,6.0,30.0,0.0,61.0,0.031
0.99,1.121137138740809,1.3153965132060474,0.0009217311159017285,0.0,0.0,1.98,-0.2649803858078375,1.8368093623706536,-2.6055924449218564,130.15917037669055,-130.15917037669055,121.13795104341585,-103.9802015915912,14.0,0.0,1.0,1.0,6.0,30.0,0.0,61.0,0.031
1.0,1.1350301248053518,1.3325526390309936,0.0012088500602199282,0.0,0.0,2.0,1.3653950747052865,-2.918300574080867,-2.8123235029557705,130.15917037669055,-130.15917037669055,84.82924540177562,-130.15917037669055,14.0,0.0,1.0,0.75,6.0,30.0,0.0,61.0,0.031
