receive_time_s,stamp_s,sequence,frame_id,planner_id,x_ref,y_ref,z_ref,vx_ref,vy_ref,vz_ref,ax_ref,ay_ref,az_ref,yaw_ref,yaw_rate_ref,trajectory_status
1780692403.214674711,1780692403.214000940,65,map,ego_position_cmd,0.3470236495767694,0.3044523696069758,1.2329746856156882,0.02049643367686087,0.15616064230954624,0.008456738392853791,-0.07027228903929582,0.009223395154587392,-0.0016693434592942237,1.4402900943015993,0.45,1
1780692403.258810282,1780692403.258066654,66,map,ego_position_cmd,0.34803038418026827,0.3129210074660214,1.2334301514603863,0.016685546640290348,0.15661367288112074,0.008365719590992558,-0.07047615279650433,0.007508495988130657,-0.0016924014176820522,1.4646571749002761,0.45,1
1780692403.302552938,1780692403.301961184,67,map,ego_position_cmd,0.34872466562094623,0.3201485747817759,1.2338140173164587,0.013433141348200844,0.15692609952942582,0.008287248897655232,-0.07061674478824163,0.006044913606690381,-0.0017118346266457238,1.4854027959008818,0.45,1
1780692403.346477270,1780692403.345965385,68,map,ego_position_cmd,0.349351527109185,0.32870421387972754,1.234262860665727,0.009583103754122597,0.15720818719913324,0.008193387833303405,-0.07074368423960997,0.004312396689355169,-0.0017345573212024332,1.5099136181990616,0.45,1
1780692403.390473843,1780692403.389952421,68,map,ego_position_cmd,0.349351527109185,0.32870421387972754,1.234262860665727,0.009583103754122597,0.15720818719913324,0.008193387833303405,-0.07074368423960997,0.004312396689355169,-0.0017345573212024332,1.5099136181990616,0.45,1
1780692403.434660673,1780692403.434010506,69,map,ego_position_cmd,0.3497360572276583,0.33640991998360187,1.2346621407293523,0.006115536007379143,0.15738122575244626,0.008107921127080902,-0.07082155158860082,0.0027519912033206143,-0.001754770874423469,1.5319577632493748,0.45,1
1780692403.478699684,1780692403.478021622,70,map,ego_position_cmd,0.34995459170911414,0.3443622928679122,1.2350694358618886,0.0025369682094395015,0.15747956626910137,0.008018763469771996,-0.07086580482109563,0.0011416356942477758,-0.0017753901905081084,1.5546878955006833,0.45,1
1780692403.522362471,1780692403.521937132,71,map,ego_position_cmd,0.34999296565264104,0.3522190073612321,1.2354672387745382,-0.0009985533125544239,0.15749683454368849,0.007929693912381673,-0.07087357554465983,-0.00044934899064949074,-0.0017955289629610026,1.5771363903015299,0.45,1
1780692403.566302299,1780692403.565934658,72,map,ego_position_cmd,0.3498574585021218,0.3599879292366377,1.235856257136588,-0.0044945681564869605,0.15743585632595483,0.007840624766103787,-0.07084613534667968,-0.002022555670419132,-0.0018152230175397797,1.5993371421005578,0.45,1
1780692403.610596657,1780692403.609937429,73,map,ego_position_cmd,0.3495529187441555,0.36768493702114363,1.2362375563381587,-0.007958221659514627,0.15729881343486998,0.0077513708610856625,-0.0707844660456915,-0.0035811997467815825,-0.0018345262896192858,1.621346243851076,0.45,1
1780692403.654413939,1780692403.653975248,74,map,ego_position_cmd,0.34905754393346466,0.37566770389297366,1.2366288188595582,-0.011550466751838153,0.15707589477005912,0.007657704451451448,-0.07068415264652661,-0.005197710038327169,-0.0018543339547651399,1.6441985196019233,0.45,1
1780692403.698354006,1780692403.697946787,75,map,ego_position_cmd,0.3483744592388914,0.3836932656477524,1.2370180103679156,-0.015161969541488594,0.1567685066575011,0.007562366510411591,-0.07054582799587551,-0.006822886293669868,-0.0018740367748757338,1.6672121109008005,0.45,1
1780692403.742322445,1780692403.741910696,76,map,ego_position_cmd,0.3475298547256894,0.39150903605651644,1.2373931351633518,-0.01867906622543241,0.15638843462656024,0.007468351092070088,-0.07037479558195212,-0.008405579801444586,-0.0018930274676446886,1.6896733650013631,0.45,1
1780692403.786668062,1780692403.786011219,76,map,ego_position_cmd,0.3475298547256894,0.39150903605651644,1.2373931351633518,-0.01867906622543241,0.15638843462656024,0.007468351092070088,-0.07037479558195212,-0.008405579801444586,-0.0018930274676446886,1.6896733650013631,0.45,1
1780692403.830600739,1780692403.830008984,77,map,ego_position_cmd,0.34650952757341863,0.3993066658865332,1.2377636761360575,-0.02218799964893994,0.15592928740803838,0.007373359391246266,-0.07016817933361728,-0.009984599842022974,-0.0019117861043879169,1.712142700199547,0.45,1
1780692403.874650478,1780692403.873998404,78,map,ego_position_cmd,0.34531092920228057,0.40709958120212064,1.2381303956932244,-0.025694811540954293,0.15538991814102626,0.007277186392527051,-0.06992546316346182,-0.011562665193429434,-0.0019303512819694815,1.7346704692496133,0.45,1
1780692403.918629885,1780692403.917983770,79,map,ego_position_cmd,0.3439892971543696,0.4145860932650584,1.2384794051253885,-0.029063741969276274,0.15479518371946632,0.007183582231244983,-0.06965783267375986,-0.013078683886174326,-0.0019480198844727965,1.7563916799001162,0.45,1
1780692403.962755442,1780692403.962000132,80,map,ego_position_cmd,0.3423861268441321,0.42260674999388037,1.2388498368259986,-0.03267303749724618,0.15407375707985946,0.007081927018212276,-0.06933319068593677,-0.01470286687376078,-0.0019667729893161788,1.779761664898979,0.45,1
1780692404.006458998,1780692404.006017923,81,map,ego_position_cmd,0.34067316521287777,0.43026079057571803,1.2392000724569172,-0.03611735575907311,0.153302924345795,0.006983538674499452,-0.06898631595560777,-0.0162528100915829,-0.001984503668131437,1.8021717846000684,0.45,1
1780692404.050415516,1780692404.049933672,82,map,ego_position_cmd,0.3387797963498818,0.43791046345647705,1.2395470092537475,-0.03955970855541466,0.15245090835744682,0.006883801583509512,-0.06860290876085108,-0.0178018688499366,-0.002002067343470967,1.8246879855007136,0.45,1
1780692404.094421387,1780692404.093930244,83,map,ego_position_cmd,0.3368909805780639,0.4448918711226128,1.239861002743579,-0.042701342005175766,0.15160094126012877,0.006791499157144311,-0.06822042356705794,-0.019215603902329098,-0.0020179632638936905,1.8453523666499678,0.45,1
1780692404.138406277,1780692404.137943983,84,map,ego_position_cmd,0.33465644770808595,0.45249420475034235,1.2402001334730524,-0.04612239213765407,0.1505954014686387,0.0066895389774189115,-0.06776793066088742,-0.02075507646194433,-0.002035131757073275,1.8679926406493905,0.45,1
1780692404.182653666,1780692404.182031155,84,map,ego_position_cmd,0.33465644770808595,0.45249420475034235,1.2402001334730524,-0.04612239213765407,0.1505954014686387,0.0066895389774189115,-0.06776793066088742,-0.02075507646194433,-0.002035131757073275,1.8679926406493905,0.45,1
1780692404.226540089,1780692404.225994587,85,map,ego_position_cmd,0.33224236005234126,0.46006822514627205,1.2405351798330022,-0.04953070131582243,0.14950906202355357,0.0065863891315917494,-0.06727907791059912,-0.022288815592120096,-0.002052093479045737,1.8907058159995358,0.45,1
1780692404.270454407,1780692404.269988060,86,map,ego_position_cmd,0.32948515601998374,0.46806579505719237,1.2408859823628549,-0.05312960777573658,0.1482683202089927,0.006475687808264528,-0.06672074409404671,-0.023908323499081462,-0.002069852857119533,1.9148764311004924,0.45,1
1780692404.314742804,1780692404.314013243,87,map,ego_position_cmd,0.32677236219008404,0.47537871952094785,1.2412041398544642,-0.056420423784426556,0.1470475629855378,0.00637278037668579,-0.06617140334349203,-0.025389190702991952,-0.0020859595801322487,1.9371622612499777,0.45,1
1780692404.358510733,1780692404.357986927,88,map,ego_position_cmd,0.3238663059065968,0.4827049957553017,1.2415204336852566,-0.059717248089885766,0.14573983765796858,0.006267991131218044,-0.06558292694608586,-0.026872761640448595,-0.0021019719553161164,1.959681570301109,0.45,1
1780692404.402502298,1780692404.401934147,89,map,ego_position_cmd,0.320800216071074,0.48995435459017417,1.241831052827764,-0.06297945956557839,0.14436009723198331,0.006162548405742208,-0.0649620437543925,-0.02834075680451028,-0.0021176970494055595,1.9821708823510562,0.45,1
1780692404.446276903,1780692404.445924759,90,map,ego_position_cmd,0.31756945234182077,0.4971381763490224,1.2421366050716096,-0.06621217935706009,0.14290625355381936,0.006056248196912821,-0.06430781409921872,-0.02979548071067704,-0.0021331656317502357,2.0046767089505013,0.45,1
1780692404.490174294,1780692404.489825010,91,map,ego_position_cmd,0.31428545773866867,0.5040280852766647,1.2424275889552956,-0.06931263837449912,0.1414284559824009,0.005952513929565765,-0.06364280519208042,-0.03119068726852461,-0.0021478966908618376,2.026484360550967,0.45,1
1780692404.534698725,1780692404.534024239,91,map,ego_position_cmd,0.31428545773866867,0.5040280852766647,1.2424275889552956,-0.06931263837449912,0.1414284559824009,0.005952513929565765,-0.06364280519208042,-0.03119068726852461,-0.0021478966908618376,2.026484360550967,0.45,1
1780692404.578644037,1780692404.577988625,92,map,ego_position_cmd,0.31083310858098456,0.5108812562416201,1.2427150549004522,-0.07239656530872904,0.13987489886144308,0.005847507528477406,-0.0629437044876494,-0.03257845438892807,-0.0021624496543353917,2.04840946980039,0.45,1
1780692404.622643709,1780692404.621994019,93,map,ego_position_cmd,0.30706535785380745,0.5179609061838889,1.2430100032460842,-0.07558240778275004,0.13817941103421336,0.005737013012149585,-0.06218073496539602,-0.03401208350223752,-0.002177381414333014,2.071323720449436,0.45,1
1780692404.666517973,1780692404.666017294,94,map,ego_position_cmd,0.303045770951379,0.5251092821882504,1.2433057766762063,-0.0787991769847127,0.13637059692812056,0.005623243404839488,-0.06136676861765426,-0.035459629643120716,-0.0021923549442329515,2.094755677651847,0.45,1
1780692404.710563183,1780692404.709982157,95,map,ego_position_cmd,0.29904400086417404,0.5318589715882828,1.2435832115280758,-0.08183653721472728,0.13456980038887834,0.005513664701494948,-0.06055641017499525,-0.036826441746627275,-0.002206400083608844,2.117175612299616,0.45,1
1780692404.754575253,1780692404.753984451,96,map,ego_position_cmd,0.29488062572574064,0.5385349213583406,1.243855889055533,-0.08484071461125328,0.13269628157658328,0.005403097526364592,-0.059713326709462486,-0.038178321575063984,-0.0022202043834363572,2.1396554635513896,0.45,1
1780692404.798507452,1780692404.797969580,97,map,ego_position_cmd,0.29055661423602713,0.5451329134812898,1.244123726751411,-0.08780981106658038,0.13075047640621223,0.005291551978325489,-0.0588377143827955,-0.03951441497996118,-0.002233763666790179,2.162194900200848,0.45,1
1780692404.842264652,1780692404.841926098,98,map,ego_position_cmd,0.28630528905413566,0.5513188552014634,1.244373369394647,-0.09059348484065856,0.12883738007436105,0.005184793340497187,-0.05797682103346248,-0.04076706817829635,-0.0022464018256040065,2.1836409502513563,0.45,1
1780692404.886731386,1780692404.886003733,98,map,ego_position_cmd,0.28630528905413566,0.5513188552014634,1.244373369394647,-0.09059348484065856,0.12883738007436105,0.005184793340497187,-0.05797682103346248,-0.04076706817829635,-0.0022464018256040065,2.1836409502513563,0.45,1
1780692404.930542231,1780692404.930009604,99,map,ego_position_cmd,0.2816357493674731,0.5578011180870349,1.2446334723084687,-0.09351050313916573,0.12673608721536292,0.0050705094125752075,-0.05703123924691332,-0.042079726412624585,-0.0022595695356162266,2.2064671979991544,0.45,1
1780692404.974514723,1780692404.973918438,100,map,ego_position_cmd,0.2767213711777527,0.5643018495802227,1.2448928028585964,-0.09643583231110024,0.12452461702998872,0.004953252490247921,-0.056036077663494936,-0.04339612453999511,-0.00227269814471644,2.229751356300767,0.45,1
1780692405.018653393,1780692405.018005610,101,map,ego_position_cmd,0.27185248282848135,0.5704455206621133,1.2451365199249578,-0.099200484297951,0.12233361727281662,0.004839825674428675,-0.055050127772767486,-0.04464021793407796,-0.0022850363212009927,2.2521491217019505,0.45,1
1780692405.062836409,1780692405.062000751,102,map,ego_position_cmd,0.2668141271072663,0.5765175966144517,1.245376110636327,-0.1019329184765033,0.12006635719826986,0.004725045982918117,-0.05402986073922144,-0.045869813314426494,-0.002297165600964053,2.2746930057008288,0.45,1
1780692405.106841803,1780692405.105968952,103,map,ego_position_cmd,0.2616552432596287,0.5824575954335425,1.245609272061467,-0.10460591794509413,0.11774485946683291,0.004609998540120977,-0.05298518676007482,-0.04707266307529237,-0.00230896939811178,2.2971720707988426,0.45,1
1780692405.150497198,1780692405.149965286,104,map,ego_position_cmd,0.2563550039674358,0.588289974486666,1.2458370551319198,-0.10723048851899973,0.11535975178534613,0.004494170844236744,-0.05191188830340576,-0.04825371983354988,-0.0023205009160534454,2.3196895119002874,0.45,1
1780692405.194336653,1780692405.193948269,105,map,ego_position_cmd,0.25092385157859426,0.594002501439972,1.2460590653958887,-0.10980112564798745,0.11291573321036742,0.004377753568001276,-0.05081207994466535,-0.04941050654159436,-0.002331740185666869,2.3422107955510003,0.45,1
1780692405.238685608,1780692405.237941980,105,map,ego_position_cmd,0.25092385157859426,0.594002501439972,1.2460590653958887,-0.10980112564798745,0.11291573321036742,0.004377753568001276,-0.05081207994466535,-0.04941050654159436,-0.002331740185666869,2.3422107955510003,0.45,1
1780692405.282737255,1780692405.282002926,106,map,ego_position_cmd,0.24538490317466974,0.5995721324466294,1.2462744966958286,-0.11230745960098325,0.11042320642860139,0.004261187290486649,-0.04969044289287063,-0.05053835682044247,-0.002342646395226321,2.3646540717003517,0.45,1
1780692405.327353239,1780692405.326041937,107,map,ego_position_cmd,0.2397043791254943,0.6050329598857004,1.2464847501831706,-0.11476483194856518,0.10786697060647245,0.0041437157263337675,-0.04854013677291261,-0.051644174376854333,-0.0023532904780230166,2.3871678520514252,0.45,1
1780692405.370609045,1780692405.369999647,108,map,ego_position_cmd,0.23389824376913296,0.6103682230259969,1.2466892547681705,-0.1171657003616986,0.10525420969610984,0.004025636023088645,-0.047364394363249435,-0.05272456516276438,-0.002363643522638632,2.409697446300197,0.45,1
1780692405.414679289,1780692405.414034843,109,map,ego_position_cmd,0.22798716734303467,0.6155595065647229,1.2468873843284067,-0.11950177795412531,0.10259422530436561,0.003907319130335907,-0.046167401386964534,-0.053775800079356395,-0.0023736738316255932,2.4321751640989535,0.45,1
1780692405.458484650,1780692405.457961798,110,map,ego_position_cmd,0.22195995637325389,0.6206174010790569,1.247079621049234,-0.12177783048557568,0.09988198036796425,0.003788490120640194,-0.04494689116558392,-0.05480002371850906,-0.0023834058156174784,2.4546563901007175,0.45,1
1780692405.502605438,1780692405.501979828,111,map,ego_position_cmd,0.2162063402861241,0.6252359322837058,1.2472544756868786,-0.12385616952766763,0.09729285312875585,0.003676630312886182,-0.04378178390794014,-0.05573527628745044,-0.0023922578316482325,2.4757367890517346,0.45,1
1780692405.546414137,1780692405.545946598,112,map,ego_position_cmd,0.20950254673926333,0.630372400406607,1.2474481822776402,-0.12616758018297317,0.09427614603266851,0.0035480866218969348,-0.042424265714700836,-0.05677541108233793,-0.0024020642278055346,2.4998669824508397,0.45,1
1780692405.590609074,1780692405.590012312,112,map,ego_position_cmd,0.20950254673926333,0.630372400406607,1.2474481822776402,-0.12616758018297317,0.09427614603266851,0.0035480866218969348,-0.042424265714700836,-0.05677541108233793,-0.0024020642278055346,2.4998669824508397,0.45,1
1780692405.634738207,1780692405.634027243,113,map,ego_position_cmd,0.20320747267012026,0.6349679333732522,1.2476208212779891,-0.1282355700179635,0.09144336270155412,0.0034289983819618245,-0.04114951321569936,-0.057706006508083586,-0.002410804077198202,2.5221360955492855,0.45,1
1780692405.678994894,1780692405.678305626,114,map,ego_position_cmd,0.19673295320860773,0.639475638218175,1.2477895549787283,-0.13026403719817875,0.08852982894387348,0.003308023695288305,-0.03983842302474307,-0.05861881673918044,-0.002419346220798129,2.544677022599353,0.45,1
1780692405.722640753,1780692405.722005844,115,map,ego_position_cmd,0.19017635128457525,0.6438247018412268,1.247951787611592,-0.13222111582855206,0.08557935807805886,0.0031869569393342995,-0.03851071113512649,-0.059499502122848436,-0.002427559247836851,2.5671571253998993,0.45,1
1780692405.766488075,1780692405.765968323,116,map,ego_position_cmd,0.1835126226190422,0.648032074346841,1.2481082141169721,-0.13411443345607849,0.082580680178569,0.0030652873532224702,-0.03716130608035605,-0.06035149505523532,-0.0024354783396717122,2.589674218649088,0.45,1
1780692405.810637951,1780692405.809974670,117,map,ego_position_cmd,0.17676067408063093,0.6520855244770278,1.2482584383619304,-0.13593848601466252,0.07954230333628393,0.0029433158678062814,-0.035794036501327765,-0.06117231870659814,-0.0024430834420727304,2.612175354002102,0.45,1
1780692405.854414225,1780692405.853926659,118,map,ego_position_cmd,0.17004416898647706,0.6559166235981602,1.2483999934916672,-0.13766248061917208,0.07651987604391469,0.0028231953340289166,-0.03443394421976161,-0.061948116278627445,-0.0024502496705156537,2.634268144049565,0.45,1
1780692405.898398161,1780692405.897936106,119,map,ego_position_cmd,0.16298074701781703,0.6597374309015852,1.248540757208379,-0.13938184390571337,0.07334133615801768,0.0026980764051232906,-0.033003601271107956,-0.06272182975757103,-0.002457375833674191,2.6572132120491005,0.45,1
1780692405.942156315,1780692405.941906691,120,map,ego_position_cmd,0.15601386383742777,0.6633044434579831,1.2486718033456885,-0.14098699955609242,0.0702062387268425,0.0025757887487827358,-0.03159280742707913,-0.06344414980024159,-0.0024640100443754777,2.6795763729005557,0.45,1
1780692405.986643791,1780692405.986016989,120,map,ego_position_cmd,0.15601386383742777,0.6633044434579831,1.2486718033456885,-0.14098699955609242,0.0702062387268425,0.0025757887487827358,-0.03159280742707913,-0.06344414980024159,-0.0024640100443754777,2.6795763729005557,0.45,1
1780692406.030618668,1780692406.029993773,121,map,ego_position_cmd,0.14889909948398986,0.6667476253626171,1.2487979663423816,-0.14253643141317773,0.06700459476779544,0.0024519682079749043,-0.030152067645507954,-0.06414139413592998,-0.002470397046083067,2.702160099899629,0.45,1
1780692406.074457645,1780692406.073908091,122,map,ego_position_cmd,0.1421671754572576,0.669825724766638,1.248910476702946,-0.14392157614498713,0.06397522895576592,0.002335726167053948,-0.02878885303009467,-0.06476470926524422,-0.0024760928830866408,2.7233098168493597,0.45,1
1780692406.118689537,1780692406.118013859,123,map,ego_position_cmd,0.13445814810778475,0.6731423933924873,1.2490314182581101,-0.1454140770266193,0.06050616664850314,0.002203622289472925,-0.027227774991826416,-0.06543633466197868,-0.0024822155493168284,2.747288169001331,0.45,1
1780692406.162726879,1780692406.161963224,124,map,ego_position_cmd,0.12719490111461781,0.6760697120715792,1.2491379149534239,-0.14673137043221066,0.05723770550157802,0.002080067672642528,-0.025756967475710112,-0.06602911669449481,-0.0024876069445170885,2.769662810250884,0.45,1
1780692406.206589699,1780692406.205977201,125,map,ego_position_cmd,0.11979151829869364,0.6788616611034094,1.2492392722581496,-0.14798774749653426,0.05390618323441214,0.001954964748165822,-0.024257782455485464,-0.06659448637344043,-0.002492738158068822,2.7922699651506266,0.45,1
1780692406.250484705,1780692406.249948502,126,map,ego_position_cmd,0.11240046953075758,0.6814606076885535,1.249333435767256,-0.1491572734598491,0.05058021128884091,0.0018308436148466937,-0.02276109507997841,-0.0671207730569321,-0.002497505185717337,2.814655216949905,0.45,1
1780692406.294522285,1780692406.293958902,127,map,ego_position_cmd,0.1049109320215301,0.6839067180252201,1.2494218979091982,-0.1502580231113491,0.04720991940968854,0.0017057909769509416,-0.021244463734359845,-0.0676161104001071,-0.002501983581653162,2.8371667558491027,0.45,1
1780692406.338698387,1780692406.338013172,127,map,ego_position_cmd,0.1049109320215301,0.6839067180252201,1.2494218979091982,-0.1502580231113491,0.04720991940968854,0.0017057909769509416,-0.021244463734359845,-0.0676161104001071,-0.002501983581653162,2.8371667558491027,0.45,1
1780692406.382735014,1780692406.382004976,128,map,ego_position_cmd,0.09739534048738115,0.6861757689830531,1.2495038154728304,-0.1512790960423739,0.04382790321932152,0.0015809713280504581,-0.019722556448694684,-0.06807559321906827,-0.0025061306583120417,2.859597655201651,0.45,1
1780692406.426688671,1780692406.425998211,129,map,ego_position_cmd,0.08977924765457829,0.688289353498714,1.2495799986133058,-0.1522302090744213,0.04040066144456023,0.0014551036771206407,-0.018180297650052107,-0.06850359408348959,-0.0025099874297986077,2.8821807922489824,0.45,1
1780692406.470705271,1780692406.469987392,130,map,ego_position_cmd,0.08214880135931157,0.6902228305614253,1.2496495874879074,-0.15310027375264143,0.03696696061169021,0.0013295665282175883,-0.016635132275260596,-0.06889512318868865,-0.0025135103665753153,2.904671544300072,0.45,1
1780692406.514798164,1780692406.513998985,131,map,ego_position_cmd,0.0749624584958372,0.6918780920390482,1.249709085546344,-0.15384514141757166,0.03373310632312674,0.0012118044257033555,-0.015179897845407034,-0.06923031363790726,-0.002516522455783664,2.9257419658493746,0.45,1
1780692406.558588028,1780692406.557977438,132,map,ego_position_cmd,0.06669245039294153,0.6935871316865417,1.2497704420201439,-0.15461420925894384,0.03001160267682369,0.0010767866521156166,-0.013505221204570662,-0.06957639416652472,-0.002519628627269786,2.9498704164019727,0.45,1
1780692406.602618217,1780692406.601962090,133,map,ego_position_cmd,0.05902541338930842,0.6949869571073973,1.2498206410575332,-0.15524413069832882,0.02656143602518879,0.0009520378452074096,-0.011952646211334956,-0.06985985881424797,-0.0025221699535376185,2.9721388121994097,0.45,1
1780692406.646328449,1780692406.645935535,134,map,ego_position_cmd,0.05123329222386351,0.6962299088292405,1.2498651721011353,-0.15580345897315823,0.02305498150073858,0.0008256185246738577,-0.010374741675332363,-0.07011155653792121,-0.0025244243376199836,2.9946839539519714,0.45,1
1780692406.690624475,1780692406.690033436,134,map,ego_position_cmd,0.05123329222386351,0.6962299088292405,1.2498651721011353,-0.15580345897315823,0.02305498150073858,0.0008256185246738577,-0.010374741675332363,-0.07011155653792121,-0.0025244243376199836,2.9946839539519714,0.45,1
1780692406.734839439,1780692406.734055758,135,map,ego_position_cmd,0.04343581253012528,0.6972942991035812,1.2499032742664526,-0.1562824345966116,0.019546115638556377,0.0006994286134338393,-0.00879575203735037,-0.07032709556847523,-0.0025263532597391636,3.017169545851357,0.45,1
1780692406.778797388,1780692406.778026342,136,map,ego_position_cmd,0.03560636208145069,0.698184127983061,1.2499351053147647,-0.15668285759237746,0.01602286293665281,0.0005729887834153189,-0.007210288321493765,-0.07050728591656986,-0.002527964706559966,3.039683888251602,0.45,1
1780692406.822726011,1780692406.822023869,137,map,ego_position_cmd,0.027765483592209605,0.6988969445565419,1.2499605896309618,-0.1570036250504439,0.012494467616494323,0.00044658298630930165,-0.005622510427422445,-0.07065163127269976,-0.00252925485006744,3.0621792568519597,0.45,1
1780692406.866439342,1780692406.866008759,138,map,ego_position_cmd,0.019907494432127373,0.6994333865924015,1.249979759710178,-0.15724502396658074,0.00895837249445732,0.0003200714415768713,-0.004031267622505794,-0.07076026078496134,-0.0025302253353277704,3.0846833847015662,0.45,1
1780692406.910696745,1780692406.910040617,139,map,ego_position_cmd,0.012040413288991112,0.6997928364730047,1.249992600755119,-0.15740677641285217,0.005418185980046001,0.00019353528244345808,-0.0024381836910207007,-0.07083304938578348,-0.002530875413227903,3.107184683852029,0.45,1
1780692406.954547167,1780692406.953964949,140,map,ego_position_cmd,0.004166672902495672,0.6999751974596536,1.249999114187141,-0.15748883885684417,0.0018750028061230524,6.696557231226746e-05,-0.0008437512627553737,-0.07086997748557988,-0.002531205155724013,3.1296875926520444,0.45,1
1780692406.998527765,1780692406.997986555,141,map,ego_position_cmd,-0.0030427400850554028,0.699986773654055,1.2499995276282705,-0.1574940481443248,-0.0013692330382749315,-4.890164193345381e-05,0.0006161548672237192,-0.07087232166494617,-0.0025312260861812008,-3.1328990009795907,0.45,1
1780692407.042396307,1780692407.041913033,142,map,ego_position_cmd,-0.011653362260287488,0.699805944986689,1.2499930689834204,-0.15741267524401006,-0.00524401301712937,-0.00018731214445476727,0.0023598058577082165,-0.07083570385980453,-0.002530899117285659,-3.1082911780297526,0.45,1
1780692407.086574078,1780692407.085980892,142,map,ego_position_cmd,-0.011653362260287488,0.699805944986689,1.2499930689834204,-0.15741267524401006,-0.00524401301712937,-0.00018731214445476727,0.0023598058577082165,-0.07083570385980453,-0.002530899117285659,-3.1082911780297526,0.45,1
1780692407.130765200,1780692407.130115032,143,map,ego_position_cmd,-0.019423594200873712,0.6994606186515439,1.2499807326681114,-0.15725727839319475,-0.008740617390393172,-0.00031228524486889153,0.003933277825676928,-0.07076577527693764,-0.0025302745913231453,-3.0860681444800084,0.45,1
1780692407.174601555,1780692407.173996449,144,map,ego_position_cmd,-0.02730167662094014,0.698933544466114,1.249961897784573,-0.15702009500975134,-0.012285754479423065,-0.000439111568165015,0.00552858951574038,-0.0706590427543881,-0.0025293210753440094,-3.0635085392787675,0.45,1
1780692407.218679905,1780692407.218016863,145,map,ego_position_cmd,-0.03514267850567517,0.6982312337333437,1.2499367898209235,-0.15670405518000471,-0.01581420532755383,-0.0005655079646068769,0.007116392397399224,-0.07051682483100213,-0.002528049984684251,-3.0410155174279443,0.45,1
1780692407.262599707,1780692407.261977434,146,map,ego_position_cmd,-0.042325330641189415,0.6974313837092354,1.2499081793936637,-0.15634412266915595,-0.01904639878853524,-0.0006814800063096801,0.008570879454840858,-0.07035485520112018,-0.0025266015818042296,-3.0203664362805958,0.45,1
1780692407.306653976,1780692407.305990696,147,map,ego_position_cmd,-0.050853153342780504,0.6962859465746417,1.2498671788201505,-0.1558286759585888,-0.022883919004251227,-0.0008194596535408486,0.010297763551913053,-0.07012290418136496,-0.0025245259277701182,-2.9957818027302654,0.45,1
1780692407.350513458,1780692407.349973440,148,map,ego_position_cmd,-0.058546844991738255,0.6950684960142165,1.249823563559475,-0.15528082320639744,-0.026346080246282218,-0.0009442634871389902,0.011855736110826999,-0.06987637044287885,-0.0025223179051984293,-2.973525855280308,0.45,1
1780692407.394150734,1780692407.393913031,149,map,ego_position_cmd,-0.06629615836760318,0.693663817393827,1.2497731933515073,-0.15464871782722214,-0.02983327126542143,-0.0010703291290157758,0.013424972069439645,-0.06959192302224998,-0.002519767913420055,-2.9510236835802734,0.45,1
1780692407.438564777,1780692407.437946081,149,map,ego_position_cmd,-0.06629615836760318,0.693663817393827,1.2497731933515073,-0.15464871782722214,-0.02983327126542143,-0.0010703291290157758,0.013424972069439645,-0.06959192302224998,-0.002519767913420055,-2.9510236835802734,0.45,1
1780692407.482648134,1780692407.481997252,150,map,ego_position_cmd,-0.07400757442225984,0.6920860694739464,1.249716556220307,-0.15393873126327587,-0.03330340849001693,-0.0011961884898075586,0.014986533820507622,-0.06927242906847415,-0.0025169006586530447,-2.928534169028784,0.45,1
1780692407.526639223,1780692407.526019096,151,map,ego_position_cmd,-0.08138046500030201,0.6904074322284027,1.249656226491621,-0.15318334450278123,-0.03662120925013591,-0.001316955015281613,0.01647954416256116,-0.06893250502625156,-0.002513846466138308,-2.9069292635777617,0.45,1
1780692407.570699453,1780692407.570020199,152,map,ego_position_cmd,-0.08935417605708477,0.6884018782766423,1.2495840512332574,-0.15228084522448906,-0.04020937922568815,-0.0014480959324044635,0.01809422065155967,-0.06852638035102009,-0.002510192593683656,-2.883437115728951,0.45,1
1780692407.614692688,1780692407.613984585,153,map,ego_position_cmd,-0.09692992524840274,0.686310257933562,1.249508666554942,-0.15133961607010293,-0.04361846636178124,-0.0015732622977583646,0.01962830986280156,-0.06810282723154633,-0.0025063762443439407,-2.8609818182802647,0.45,1
1780692407.658369541,1780692407.657943487,154,map,ego_position_cmd,-0.1044626263783724,0.6840472417041227,1.2494269750564304,-0.1503212587668552,-0.04700818187026758,-0.001698327316518046,0.021153681841620413,-0.06764456644508485,-0.002502240612231798,-2.838509080628568,0.45,1
1780692407.702273130,1780692407.701924801,155,map,ego_position_cmd,-0.1119449725711363,0.681614720897682,1.2493390138624627,-0.1492266244039569,-0.05037523765701134,-0.0018232180679803973,0.022668856945655104,-0.06715198098178062,-0.002497787576787178,-2.816029108778888,0.45,1
1780692407.746474504,1780692407.745943308,156,map,ego_position_cmd,-0.11939132163543961,0.6790071614997809,1.2492445487012007,-0.14805322267490148,-0.05372609473594783,-0.0019482248780012031,0.024176742631176525,-0.06662395020370566,-0.0024930052779982884,-2.793486610780086,0.45,1
1780692407.790201426,1780692407.789908648,157,map,ego_position_cmd,-0.1265338760354707,0.6763267966555001,1.24914725674133,-0.14684705849497506,-0.05694024421596182,-0.002068864353175524,0.025623109897182823,-0.06608117632273879,-0.0024880798725298355,-2.771689261478308,0.45,1
1780692407.834759235,1780692407.834023237,157,map,ego_position_cmd,-0.1265338760354707,0.6763267966555001,1.24914725674133,-0.14684705849497506,-0.05694024421596182,-0.002068864353175524,0.025623109897182823,-0.06608117632273879,-0.0024880798725298355,-2.771689261478308,0.45,1
1780692407.879029036,1780692407.878040552,158,map,ego_position_cmd,-0.1340804915320469,0.6732992758892675,1.2490371315538857,-0.14548467415017036,-0.060336221189421106,-0.002197176888406895,0.027151299535239502,-0.06546810336757668,-0.0024825047849154672,-2.748456585428424,0.45,1
1780692407.923255444,1780692407.922118187,159,map,ego_position_cmd,-0.14130827428341533,0.6702061392588265,1.2489243636084906,-0.14409276266647197,-0.06358872342753691,-0.002320955929924059,0.02861492554239161,-0.0648417431999124,-0.0024767959076798423,-2.7259937477800795,0.45,1
1780692407.966722727,1780692407.965994358,160,map,ego_position_cmd,-0.14848313265700774,0.6669428328837259,1.2488051092496517,-0.14262427479767667,-0.06681740969565349,-0.002444760494595223,0.030067834363044072,-0.06418092365895452,-0.002470758655763624,-2.703472938879053,0.45,1
1780692408.011794567,1780692408.010194540,161,map,ego_position_cmd,-0.15506139381725043,0.6637769337402792,1.2486891354022156,-0.14119962018312565,-0.06977762721776269,-0.00255915215410325,0.031399932247993215,-0.06353982908240655,-0.0024648874797371643,-2.682614158178034,0.45,1
1780692408.054567575,1780692408.054041386,162,map,ego_position_cmd,-0.16266034916514638,0.6599058095768335,1.2485469511171856,-0.13945761430957512,-0.07319715712431588,-0.002692428796095768,0.03293872070594214,-0.06275592643930882,-0.0024576894003075205,-2.6582473484785383,0.45,1
1780692408.098505259,1780692408.097935438,163,map,ego_position_cmd,-0.16952519162625368,0.6562045221809795,1.248410614323904,-0.13779203498144077,-0.07628633623181416,-0.0028139614073579068,0.03432885130431638,-0.062006415741648356,-0.002450787350147643,-2.635963812429758,0.45,1
1780692408.142249584,1780692408.141923428,164,map,ego_position_cmd,-0.175942928465551,0.6525625322523692,1.2482760859259519,-0.13615313951356617,-0.07917431780949796,-0.002928628277589921,0.03562844301427409,-0.06126891278110478,-0.002443976850001315,-2.614880217128369,0.45,1
1780692408.186675310,1780692408.186013222,164,map,ego_position_cmd,-0.175942928465551,0.6525625322523692,1.2482760859259519,-0.13615313951356617,-0.07917431780949796,-0.002928628277589921,0.03562844301427409,-0.06126891278110478,-0.002443976850001315,-2.614880217128369,0.45,1
1780692408.230730057,1780692408.229951620,165,map,ego_position_cmd,-0.1831473431511909,0.6482566859211373,1.2481165506839211,-0.13421550866451176,-0.08241630441803592,-0.0030586559111820126,0.037087336988116164,-0.060396978899030306,-0.002435900378373506,-2.590899394927759,0.45,1
1780692408.274356127,1780692408.273975849,166,map,ego_position_cmd,-0.18920495259574033,0.6444511604888723,1.2479751111250432,-0.13250302221999255,-0.08514222866808314,-0.0031691368812855687,0.03831400290063742,-0.05962635999899665,-0.0024287400007053203,-2.5704596501783032,0.45,1
1780692408.318594456,1780692408.317981720,167,map,ego_position_cmd,-0.19602165917768768,0.6399577712930391,1.2478075670673974,-0.13048099708186764,-0.08820974662995947,-0.003294821601657608,0.03969438598348176,-0.05871644868684044,-0.0024202580827869997,-2.547132157777809,0.45,1
1780692408.362612963,1780692408.361993074,168,map,ego_position_cmd,-0.20237014350916996,0.6355631716732358,1.247643136654313,-0.12850342725295613,-0.09106656457912649,-0.003413269501959771,0.04097995406060692,-0.05782654226383026,-0.0024119337931246035,-2.5250713555284836,0.45,1
1780692408.406591892,1780692408.405999422,169,map,ego_position_cmd,-0.20922532607231495,0.63057933446698,1.2474559696104481,-0.12626070051014104,-0.09415139673254173,-0.0035428102206184198,0.042368128529643785,-0.05681731522956347,-0.002402458461528942,-2.500855376379035,0.45,1
1780692408.450349331,1780692408.449992657,170,map,ego_position_cmd,-0.21544488245655838,0.6258323813900023,1.2472770097174244,-0.12412457162550107,-0.09695019710545127,-0.0036619353256221975,0.043627588697453076,-0.055856057231475485,-0.0023933986169446084,-2.478500356929065,0.45,1
1780692408.494294167,1780692408.493943930,171,map,ego_position_cmd,-0.2211082999226352,0.6213136924398066,1.247106023744308,-0.122091161597913,-0.09949873496518584,-0.0037718384680961565,0.04477443073433363,-0.05494102271906085,-0.0023847424520555935,-2.4577994308293216,0.45,1
1780692408.538630724,1780692408.537988186,171,map,ego_position_cmd,-0.2211082999226352,0.6213136924398066,1.247106023744308,-0.122091161597913,-0.09949873496518584,-0.0037718384680961565,0.04477443073433363,-0.05494102271906085,-0.0023847424520555935,-2.4577994308293216,0.45,1
1780692408.582709789,1780692408.581979752,172,map,ego_position_cmd,-0.22767455404829876,0.6158275708780191,1.246897592493722,-0.1196224068951086,-0.10245354932173445,-0.003901112123622242,0.04610409719478051,-0.053830083102798874,-0.0023741906199946775,-2.433351757478589,0.45,1
1780692408.626795292,1780692408.626028538,173,map,ego_position_cmd,-0.23355266642191558,0.6106782538057469,1.2467011109460144,-0.11730521421258612,-0.10509869988986202,-0.004018667779022964,0.047294414950437916,-0.052787346395663765,-0.0023642437416419833,-2.41102392027867,0.45,1
1780692408.670824289,1780692408.670051098,174,map,ego_position_cmd,-0.23936028056068184,0.6053559399933975,1.246497155826743,-0.11491017299702892,-0.10771212625230683,-0.004136663397436845,0.048470456813538086,-0.05170957784866302,-0.0023539185137288646,-2.388516229779701,0.45,1
1780692405.755536556,1780692405.755037546,175,map,ego_position_cmd,-0.24504221347142804,0.5999086105299757,1.2462874794290288,-0.11245887473848905,-0.11026899606214263,-0.004254042863609687,0.04962104822796419,-0.05060649363232008,-0.002343303646094587,-2.3660262553302105,0.45,1
1780692405.799659967,1780692405.799070597,175,map,ego_position_cmd,-0.24504221347142804,0.5999086105299757,1.2462874794290288,-0.11245887473848905,-0.11026899606214263,-0.004254042863609687,0.04962104822796419,-0.05060649363232008,-0.002343303646094587,-2.3660262553302105,0.45,1
1780692405.843610764,1780692405.843065739,175,map,ego_position_cmd,-0.24504221347142804,0.5999086105299757,1.2462874794290288,-0.11245887473848905,-0.11026899606214263,-0.004254042863609687,0.04962104822796419,-0.05060649363232008,-0.002343303646094587,-2.3660262553302105,0.45,1
1780692405.887305498,1780692405.887019873,175,map,ego_position_cmd,-0.24504221347142804,0.5999086105299757,1.2462874794290288,-0.11245887473848905,-0.11026899606214263,-0.004254042863609687,0.04962104822796419,-0.05060649363232008,-0.002343303646094587,-2.3660262553302105,0.45,1
1780692405.931603909,1780692405.931025028,175,map,ego_position_cmd,-0.24504221347142804,0.5999086105299757,1.2462874794290288,-0.11245887473848905,-0.11026899606214263,-0.004254042863609687,0.04962104822796419,-0.05060649363232008,-0.002343303646094587,-2.3660262553302105,0.45,1
1780692405.975631475,1780692405.975046635,175,map,ego_position_cmd,-0.24504221347142804,0.5999086105299757,1.2462874794290288,-0.11245887473848905,-0.11026899606214263,-0.004254042863609687,0.04962104822796419,-0.05060649363232008,-0.002343303646094587,-2.3660262553302105,0.45,1
1780692406.019575119,1780692406.019115686,175,map,ego_position_cmd,-0.24504221347142804,0.5999086105299757,1.2462874794290288,-0.11245887473848905,-0.11026899606214263,-0.004254042863609687,0.04962104822796419,-0.05060649363232008,-0.002343303646094587,-2.3660262553302105,0.45,1
1780692406.063760042,1780692406.063112020,175,map,ego_position_cmd,-0.24504221347142804,0.5999086105299757,1.2462874794290288,-0.11245887473848905,-0.11026899606214263,-0.004254042863609687,0.04962104822796419,-0.05060649363232008,-0.002343303646094587,-2.3660262553302105,0.45,1
1780692406.107845068,1780692406.107148886,175,map,ego_position_cmd,-0.24504221347142804,0.5999086105299757,1.2462874794290288,-0.11245887473848905,-0.11026899606214263,-0.004254042863609687,0.04962104822796419,-0.05060649363232008,-0.002343303646094587,-2.3660262553302105,0.45,1
1780692406.151427984,1780692406.151066780,175,map,ego_position_cmd,-0.24504221347142804,0.5999086105299757,1.2462874794290288,-0.11245887473848905,-0.11026899606214263,-0.004254042863609687,0.04962104822796419,-0.05060649363232008,-0.002343303646094587,-2.3660262553302105,0.45,1
1780692406.195561171,1780692406.195042133,175,map,ego_position_cmd,-0.24504221347142804,0.5999086105299757,1.2462874794290288,-0.11245887473848905,-0.11026899606214263,-0.004254042863609687,0.04962104822796419,-0.05060649363232008,-0.002343303646094587,-2.3660262553302105,0.45,1
1780692406.239624739,1780692406.239061117,175,map,ego_position_cmd,-0.24504221347142804,0.5999086105299757,1.2462874794290288,-0.11245887473848905,-0.11026899606214263,-0.004254042863609687,0.04962104822796419,-0.05060649363232008,-0.002343303646094587,-2.3660262553302105,0.45,1
1780692406.283538103,1780692406.283039331,175,map,ego_position_cmd,-0.24504221347142804,0.5999086105299757,1.2462874794290288,-0.11245887473848905,-0.11026899606214263,-0.004254042863609687,0.04962104822796419,-0.05060649363232008,-0.002343303646094587,-2.3660262553302105,0.45,1
1780692406.327654362,1780692406.327086687,175,map,ego_position_cmd,-0.24504221347142804,0.5999086105299757,1.2462874794290288,-0.11245887473848905,-0.11026899606214263,-0.004254042863609687,0.04962104822796419,-0.05060649363232008,-0.002343303646094587,-2.3660262553302105,0.45,1
1780692406.371754408,1780692406.371108532,175,map,ego_position_cmd,-0.24504221347142804,0.5999086105299757,1.2462874794290288,-0.11245887473848905,-0.11026899606214263,-0.004254042863609687,0.04962104822796419,-0.05060649363232008,-0.002343303646094587,-2.3660262553302105,0.45,1
1780692406.415783167,1780692406.415098190,175,map,ego_position_cmd,-0.24504221347142804,0.5999086105299757,1.2462874794290288,-0.11245887473848905,-0.11026899606214263,-0.004254042863609687,0.04962104822796419,-0.05060649363232008,-0.002343303646094587,-2.3660262553302105,0.45,1
1780692406.459710598,1780692406.459093809,175,map,ego_position_cmd,-0.24504221347142804,0.5999086105299757,1.2462874794290288,-0.11245887473848905,-0.11026899606214263,-0.004254042863609687,0.04962104822796419,-0.05060649363232008,-0.002343303646094587,-2.3660262553302105,0.45,1
1780692406.503808022,1780692406.503115654,175,map,ego_position_cmd,-0.24504221347142804,0.5999086105299757,1.2462874794290288,-0.11245887473848905,-0.11026899606214263,-0.004254042863609687,0.04962104822796419,-0.05060649363232008,-0.002343303646094587,-2.3660262553302105,0.45,1
1780692406.547669411,1780692406.547089577,175,map,ego_position_cmd,-0.24504221347142804,0.5999086105299757,1.2462874794290288,-0.11245887473848905,-0.11026899606214263,-0.004254042863609687,0.04962104822796419,-0.05060649363232008,-0.002343303646094587,-2.3660262553302105,0.45,1
1780692406.591562033,1780692406.591087818,175,map,ego_position_cmd,-0.24504221347142804,0.5999086105299757,1.2462874794290288,-0.11245887473848905,-0.11026899606214263,-0.004254042863609687,0.04962104822796419,-0.05060649363232008,-0.002343303646094587,-2.3660262553302105,0.45,1
1780692406.635421991,1780692406.635035038,175,map,ego_position_cmd,-0.24504221347142804,0.5999086105299757,1.2462874794290288,-0.11245887473848905,-0.11026899606214263,-0.004254042863609687,0.04962104822796419,-0.05060649363232008,-0.002343303646094587,-2.3660262553302105,0.45,1
1780692406.679847240,1780692406.679153442,175,map,ego_position_cmd,-0.24504221347142804,0.5999086105299757,1.2462874794290288,-0.11245887473848905,-0.11026899606214263,-0.004254042863609687,0.04962104822796419,-0.05060649363232008,-0.002343303646094587,-2.3660262553302105,0.45,1
1780692406.723757982,1780692406.723101139,175,map,ego_position_cmd,-0.24504221347142804,0.5999086105299757,1.2462874794290288,-0.11245887473848905,-0.11026899606214263,-0.004254042863609687,0.04962104822796419,-0.05060649363232008,-0.002343303646094587,-2.3660262553302105,0.45,1
1780692406.767757654,1780692406.767106295,175,map,ego_position_cmd,-0.24504221347142804,0.5999086105299757,1.2462874794290288,-0.11245887473848905,-0.11026899606214263,-0.004254042863609687,0.04962104822796419,-0.05060649363232008,-0.002343303646094587,-2.3660262553302105,0.45,1
1780692406.811775446,1780692406.811110497,175,map,ego_position_cmd,-0.24504221347142804,0.5999086105299757,1.2462874794290288,-0.11245887473848905,-0.11026899606214263,-0.004254042863609687,0.04962104822796419,-0.05060649363232008,-0.002343303646094587,-2.3660262553302105,0.45,1
1780692406.855685711,1780692406.855087757,175,map,ego_position_cmd,-0.24504221347142804,0.5999086105299757,1.2462874794290288,-0.11245887473848905,-0.11026899606214263,-0.004254042863609687,0.04962104822796419,-0.05060649363232008,-0.002343303646094587,-2.3660262553302105,0.45,1
1780692406.899397135,1780692406.899030924,175,map,ego_position_cmd,-0.24504221347142804,0.5999086105299757,1.2462874794290288,-0.11245887473848905,-0.11026899606214263,-0.004254042863609687,0.04962104822796419,-0.05060649363232008,-0.002343303646094587,-2.3660262553302105,0.45,1
1780692406.943620205,1780692406.943053007,175,map,ego_position_cmd,-0.24504221347142804,0.5999086105299757,1.2462874794290288,-0.11245887473848905,-0.11026899606214263,-0.004254042863609687,0.04962104822796419,-0.05060649363232008,-0.002343303646094587,-2.3660262553302105,0.45,1
1780692406.987476349,1780692406.987029076,175,map,ego_position_cmd,-0.24504221347142804,0.5999086105299757,1.2462874794290288,-0.11245887473848905,-0.11026899606214263,-0.004254042863609687,0.04962104822796419,-0.05060649363232008,-0.002343303646094587,-2.3660262553302105,0.45,1
1780692407.031857014,1780692407.031100750,175,map,ego_position_cmd,-0.24504221347142804,0.5999086105299757,1.2462874794290288,-0.11245887473848905,-0.11026899606214263,-0.004254042863609687,0.04962104822796419,-0.05060649363232008,-0.002343303646094587,-2.3660262553302105,0.45,1
1780692407.076034307,1780692407.075145721,175,map,ego_position_cmd,-0.24504221347142804,0.5999086105299757,1.2462874794290288,-0.11245887473848905,-0.11026899606214263,-0.004254042863609687,0.04962104822796419,-0.05060649363232008,-0.002343303646094587,-2.3660262553302105,0.45,1
1780692407.119768381,1780692407.119055033,175,map,ego_position_cmd,-0.24504221347142804,0.5999086105299757,1.2462874794290288,-0.11245887473848905,-0.11026899606214263,-0.004254042863609687,0.04962104822796419,-0.05060649363232008,-0.002343303646094587,-2.3660262553302105,0.45,1
1780692407.164001703,1780692407.163117409,175,map,ego_position_cmd,-0.24504221347142804,0.5999086105299757,1.2462874794290288,-0.11245887473848905,-0.11026899606214263,-0.004254042863609687,0.04962104822796419,-0.05060649363232008,-0.002343303646094587,-2.3660262553302105,0.45,1
1780692407.207953215,1780692407.207137585,175,map,ego_position_cmd,-0.24504221347142804,0.5999086105299757,1.2462874794290288,-0.11245887473848905,-0.11026899606214263,-0.004254042863609687,0.04962104822796419,-0.05060649363232008,-0.002343303646094587,-2.3660262553302105,0.45,1
1780692407.251669884,1780692407.251093388,175,map,ego_position_cmd,-0.24504221347142804,0.5999086105299757,1.2462874794290288,-0.11245887473848905,-0.11026899606214263,-0.004254042863609687,0.04962104822796419,-0.05060649363232008,-0.002343303646094587,-2.3660262553302105,0.45,1
1780692407.295618773,1780692407.295067072,175,map,ego_position_cmd,-0.24504221347142804,0.5999086105299757,1.2462874794290288,-0.11245887473848905,-0.11026899606214263,-0.004254042863609687,0.04962104822796419,-0.05060649363232008,-0.002343303646094587,-2.3660262553302105,0.45,1
1780692407.339826345,1780692407.339052677,175,map,ego_position_cmd,-0.24504221347142804,0.5999086105299757,1.2462874794290288,-0.11245887473848905,-0.11026899606214263,-0.004254042863609687,0.04962104822796419,-0.05060649363232008,-0.002343303646094587,-2.3660262553302105,0.45,1
1780692407.383641243,1780692407.383036613,175,map,ego_position_cmd,-0.24504221347142804,0.5999086105299757,1.2462874794290288,-0.11245887473848905,-0.11026899606214263,-0.004254042863609687,0.04962104822796419,-0.05060649363232008,-0.002343303646094587,-2.3660262553302105,0.45,1
1780692407.427886486,1780692407.427135944,175,map,ego_position_cmd,-0.24504221347142804,0.5999086105299757,1.2462874794290288,-0.11245887473848905,-0.11026899606214263,-0.004254042863609687,0.04962104822796419,-0.05060649363232008,-0.002343303646094587,-2.3660262553302105,0.45,1
1780692407.471763134,1780692407.471083641,175,map,ego_position_cmd,-0.24504221347142804,0.5999086105299757,1.2462874794290288,-0.11245887473848905,-0.11026899606214263,-0.004254042863609687,0.04962104822796419,-0.05060649363232008,-0.002343303646094587,-2.3660262553302105,0.45,1
1780692407.515726805,1780692407.515079498,175,map,ego_position_cmd,-0.24504221347142804,0.5999086105299757,1.2462874794290288,-0.11245887473848905,-0.11026899606214263,-0.004254042863609687,0.04962104822796419,-0.05060649363232008,-0.002343303646094587,-2.3660262553302105,0.45,1
1780692407.559812069,1780692407.559110880,175,map,ego_position_cmd,-0.24504221347142804,0.5999086105299757,1.2462874794290288,-0.11245887473848905,-0.11026899606214263,-0.004254042863609687,0.04962104822796419,-0.05060649363232008,-0.002343303646094587,-2.3660262553302105,0.45,1
1780692407.603590250,1780692407.603048801,175,map,ego_position_cmd,-0.24504221347142804,0.5999086105299757,1.2462874794290288,-0.11245887473848905,-0.11026899606214263,-0.004254042863609687,0.04962104822796419,-0.05060649363232008,-0.002343303646094587,-2.3660262553302105,0.45,1
1780692407.647683620,1780692407.647086143,175,map,ego_position_cmd,-0.24504221347142804,0.5999086105299757,1.2462874794290288,-0.11245887473848905,-0.11026899606214263,-0.004254042863609687,0.04962104822796419,-0.05060649363232008,-0.002343303646094587,-2.3660262553302105,0.45,1
1780692407.691618681,1780692407.691061258,175,map,ego_position_cmd,-0.24504221347142804,0.5999086105299757,1.2462874794290288,-0.11245887473848905,-0.11026899606214263,-0.004254042863609687,0.04962104822796419,-0.05060649363232008,-0.002343303646094587,-2.3660262553302105,0.45,1
1780692407.735440969,1780692407.735024929,175,map,ego_position_cmd,-0.24504221347142804,0.5999086105299757,1.2462874794290288,-0.11245887473848905,-0.11026899606214263,-0.004254042863609687,0.04962104822796419,-0.05060649363232008,-0.002343303646094587,-2.3660262553302105,0.45,1
1780692407.779707432,1780692407.779125690,175,map,ego_position_cmd,-0.24504221347142804,0.5999086105299757,1.2462874794290288,-0.11245887473848905,-0.11026899606214263,-0.004254042863609687,0.04962104822796419,-0.05060649363232008,-0.002343303646094587,-2.3660262553302105,0.45,1
1780692407.823755741,1780692407.823121786,175,map,ego_position_cmd,-0.24504221347142804,0.5999086105299757,1.2462874794290288,-0.11245887473848905,-0.11026899606214263,-0.004254042863609687,0.04962104822796419,-0.05060649363232008,-0.002343303646094587,-2.3660262553302105,0.45,1
1780692407.867778063,1780692407.867102146,175,map,ego_position_cmd,-0.24504221347142804,0.5999086105299757,1.2462874794290288,-0.11245887473848905,-0.11026899606214263,-0.004254042863609687,0.04962104822796419,-0.05060649363232008,-0.002343303646094587,-2.3660262553302105,0.45,1
1780692407.911791563,1780692407.911106586,175,map,ego_position_cmd,-0.24504221347142804,0.5999086105299757,1.2462874794290288,-0.11245887473848905,-0.11026899606214263,-0.004254042863609687,0.04962104822796419,-0.05060649363232008,-0.002343303646094587,-2.3660262553302105,0.45,1
1780692407.955980062,1780692407.955260515,175,map,ego_position_cmd,-0.24504221347142804,0.5999086105299757,1.2462874794290288,-0.11245887473848905,-0.11026899606214263,-0.004254042863609687,0.04962104822796419,-0.05060649363232008,-0.002343303646094587,-2.3660262553302105,0.45,1
1780692407.999498606,1780692407.999040127,175,map,ego_position_cmd,-0.24504221347142804,0.5999086105299757,1.2462874794290288,-0.11245887473848905,-0.11026899606214263,-0.004254042863609687,0.04962104822796419,-0.05060649363232008,-0.002343303646094587,-2.3660262553302105,0.45,1
1780692408.043496132,1780692408.043072462,175,map,ego_position_cmd,-0.24504221347142804,0.5999086105299757,1.2462874794290288,-0.11245887473848905,-0.11026899606214263,-0.004254042863609687,0.04962104822796419,-0.05060649363232008,-0.002343303646094587,-2.3660262553302105,0.45,1
1780692408.087488413,1780692408.087026358,175,map,ego_position_cmd,-0.24504221347142804,0.5999086105299757,1.2462874794290288,-0.11245887473848905,-0.11026899606214263,-0.004254042863609687,0.04962104822796419,-0.05060649363232008,-0.002343303646094587,-2.3660262553302105,0.45,1
1780692408.131778240,1780692408.131094217,175,map,ego_position_cmd,-0.24504221347142804,0.5999086105299757,1.2462874794290288,-0.11245887473848905,-0.11026899606214263,-0.004254042863609687,0.04962104822796419,-0.05060649363232008,-0.002343303646094587,-2.3660262553302105,0.45,1
1780692408.175807953,1780692408.175124407,175,map,ego_position_cmd,-0.24504221347142804,0.5999086105299757,1.2462874794290288,-0.11245887473848905,-0.11026899606214263,-0.004254042863609687,0.04962104822796419,-0.05060649363232008,-0.002343303646094587,-2.3660262553302105,0.45,1
1780692408.219842196,1780692408.219093561,175,map,ego_position_cmd,-0.24504221347142804,0.5999086105299757,1.2462874794290288,-0.11245887473848905,-0.11026899606214263,-0.004254042863609687,0.04962104822796419,-0.05060649363232008,-0.002343303646094587,-2.3660262553302105,0.45,1
1780692408.263448954,1780692408.263055563,175,map,ego_position_cmd,-0.24504221347142804,0.5999086105299757,1.2462874794290288,-0.11245887473848905,-0.11026899606214263,-0.004254042863609687,0.04962104822796419,-0.05060649363232008,-0.002343303646094587,-2.3660262553302105,0.45,1
1780692408.307607889,1780692408.307044268,175,map,ego_position_cmd,-0.24504221347142804,0.5999086105299757,1.2462874794290288,-0.11245887473848905,-0.11026899606214263,-0.004254042863609687,0.04962104822796419,-0.05060649363232008,-0.002343303646094587,-2.3660262553302105,0.45,1
1780692408.351777077,1780692408.351093292,175,map,ego_position_cmd,-0.24504221347142804,0.5999086105299757,1.2462874794290288,-0.11245887473848905,-0.11026899606214263,-0.004254042863609687,0.04962104822796419,-0.05060649363232008,-0.002343303646094587,-2.3660262553302105,0.45,1
1780692408.395296335,1780692408.395018339,175,map,ego_position_cmd,-0.24504221347142804,0.5999086105299757,1.2462874794290288,-0.11245887473848905,-0.11026899606214263,-0.004254042863609687,0.04962104822796419,-0.05060649363232008,-0.002343303646094587,-2.3660262553302105,0.45,1
1780692408.439359188,1780692408.439025879,175,map,ego_position_cmd,-0.24504221347142804,0.5999086105299757,1.2462874794290288,-0.11245887473848905,-0.11026899606214263,-0.004254042863609687,0.04962104822796419,-0.05060649363232008,-0.002343303646094587,-2.3660262553302105,0.45,1
1780692408.483237028,1780692408.483011246,175,map,ego_position_cmd,-0.24504221347142804,0.5999086105299757,1.2462874794290288,-0.11245887473848905,-0.11026899606214263,-0.004254042863609687,0.04962104822796419,-0.05060649363232008,-0.002343303646094587,-2.3660262553302105,0.45,1
1780692408.527844191,1780692408.527059317,175,map,ego_position_cmd,-0.24504221347142804,0.5999086105299757,1.2462874794290288,-0.11245887473848905,-0.11026899606214263,-0.004254042863609687,0.04962104822796419,-0.05060649363232008,-0.002343303646094587,-2.3660262553302105,0.45,1
1780692408.571800709,1780692408.571097136,175,map,ego_position_cmd,-0.24504221347142804,0.5999086105299757,1.2462874794290288,-0.11245887473848905,-0.11026899606214263,-0.004254042863609687,0.04962104822796419,-0.05060649363232008,-0.002343303646094587,-2.3660262553302105,0.45,1
1780692408.615625620,1780692408.615051031,175,map,ego_position_cmd,-0.24504221347142804,0.5999086105299757,1.2462874794290288,-0.11245887473848905,-0.11026899606214263,-0.004254042863609687,0.04962104822796419,-0.05060649363232008,-0.002343303646094587,-2.3660262553302105,0.45,1
1780692408.659756422,1780692408.659098387,175,map,ego_position_cmd,-0.24504221347142804,0.5999086105299757,1.2462874794290288,-0.11245887473848905,-0.11026899606214263,-0.004254042863609687,0.04962104822796419,-0.05060649363232008,-0.002343303646094587,-2.3660262553302105,0.45,1
1780692408.703615665,1780692408.703061819,175,map,ego_position_cmd,-0.24504221347142804,0.5999086105299757,1.2462874794290288,-0.11245887473848905,-0.11026899606214263,-0.004254042863609687,0.04962104822796419,-0.05060649363232008,-0.002343303646094587,-2.3660262553302105,0.45,1
1780692408.747657776,1780692408.747046471,235,map,ego_position_cmd,-0.2975066168259649,0.1656367364555279,1.2243220018307592,0.08296346859501244,-0.13387797757168424,-0.009829282094286821,0.06024508990725791,0.0373335608677556,-0.001231301342682188,-1.0160211829298291,0.45,1
1780692408.791620016,1780692408.791059256,236,map,ego_position_cmd,-0.2932796983505198,0.1589842453214183,1.2238285726838163,0.08595708960536176,-0.13197586425773392,-0.009890277076250769,0.05938913891598027,0.038680690322412795,-0.0012063214921182069,-0.9935013316284984,0.45,1
1780692408.835416317,1780692408.835026026,237,map,ego_position_cmd,-0.28891484979212917,0.15244441397522712,1.2233333310015053,0.0889000137111478,-0.13001168240645813,-0.009949874647901015,0.058505257082906166,0.04000500617001651,-0.0011812498819512092,-0.9710361391302957,0.45,1
1780692408.879846334,1780692408.879140854,237,map,ego_position_cmd,-0.28891484979212917,0.15244441397522712,1.2233333310015053,0.0889000137111478,-0.13001168240645813,-0.009949874647901015,0.058505257082906166,0.04000500617001651,-0.0011812498819512092,-0.9710361391302957,0.45,1
1780692408.923931360,1780692408.923135519,238,map,ego_position_cmd,-0.28439565921657656,0.14599237999827347,1.2228342146161564,0.09180342900077694,-0.12797804664745946,-0.0100083243500076,0.057590120991356755,0.041311543050349626,-0.0011559821149429185,-0.9485290979799841,0.45,1
1780692408.967760801,1780692408.967111349,239,map,ego_position_cmd,-0.27973180999889324,0.139642888223994,1.222332142772246,0.09466070029920269,-0.12587931449950196,-0.010065513751642342,0.056645691524775894,0.04259731513464122,-0.0011305647278449533,-0.92601920787972,0.45,1
1780692409.011722565,1780692409.011087179,240,map,ego_position_cmd,-0.27493155846803896,0.13340674489187052,1.2218277955902126,0.09746696479865827,-0.12371920131061756,-0.010121367697642918,0.055673640589777904,0.04386013415939623,-0.0011050321517545182,-0.9035339278296972,0.45,1
1780692409.055538654,1780692409.055033207,241,map,ego_position_cmd,-0.2699836717395188,0.12726963163042238,1.2213198123509583,0.10022866576630993,-0.12149265228278347,-0.010176035380580248,0.05467169352725257,0.04510289959483947,-0.0010793155002672711,-0.8810098600283471,0.45,1
1780692409.099511623,1780692409.099050999,242,map,ego_position_cmd,-0.2649083617837173,0.12125656324810731,1.220810073389047,0.1029345465383517,-0.1192087628026728,-0.010229314752493822,0.05364394326120277,0.04632054594225827,-0.0010535099653205095,-0.858527509479676,0.45,1
1780692409.143533945,1780692409.143031120,243,map,ego_position_cmd,-0.2596897800939033,0.11534873084771065,1.220296791692963,0.10559307111853021,-0.11686040104225649,-0.010281392780308558,0.05258718046901543,0.0475168820033386,-0.0010275250794562598,-0.8360051930802668,0.45,1
1780692409.187334299,1780692409.187051296,244,map,ego_position_cmd,-0.2543502130697635,0.10957128060199235,1.2197819615344376,0.10819292372910344,-0.11445759588139359,-0.01033206761210735,0.051505918146627125,0.04868681567809655,-0.0010014618026809089,-0.813527537379626,0.45,1
1780692409.231661320,1780692409.231082201,244,map,ego_position_cmd,-0.2543502130697635,0.10957128060199235,1.2197819615344376,0.10819292372910344,-0.11445759588139359,-0.01033206761210735,0.051505918146627125,0.04868681567809655,-0.0010014618026809089,-0.813527537379626,0.45,1
1780692409.275656462,1780692409.275058985,245,map,ego_position_cmd,-0.24887985109895114,0.1039129834449531,1.219264417925743,0.1107391574497711,-0.11199593299452802,-0.010381457579519096,0.05039816984753761,0.049832620852397,-0.0009752611574907415,-0.7910405711788127,0.45,1
1780692409.319789171,1780692409.319106579,246,map,ego_position_cmd,-0.243577452127113,0.0986635227125518,1.218771513630323,0.11310141477935169,-0.10960985345720085,-0.010427069709359705,0.04932443405574039,0.050895636650708266,-0.0009503078775350981,-0.7697219233291197,0.45,1
1780692409.363758087,1780692409.363105297,247,map,ego_position_cmd,-0.23752578849491798,0.09293677859353845,1.2182185912299908,0.1156784496329077,-0.1068866048227131,-0.010476602431762974,0.0480989721702209,0.05205530233480847,-0.0009223161810182799,-0.7459163315787676,0.45,1
1780692409.407775879,1780692409.407115221,248,map,ego_position_cmd,-0.23171138399819635,0.0876837128090587,1.217696217595159,0.11804232923592359,-0.10427012279918838,-0.010521833089723721,0.04692155525963477,0.05311904815616562,-0.000895871015754917,-0.7235274559291371,0.45,1
1780692409.451628447,1780692409.451058626,249,map,ego_position_cmd,-0.22574730656063294,0.08253382722179686,1.2171686827872517,0.12035977775019141,-0.10158628795228483,-0.010565987378121863,0.045713829578528174,0.05416189998758614,-0.00086916456610462,-0.701013212978863,0.45,1
1780692409.495778322,1780692409.495070457,250,map,ego_position_cmd,-0.2196689608608268,0.07751963807583391,1.2166389858546378,0.12261616286587473,-0.09885103238737207,-0.010608801656173943,0.044482964574317434,0.055177273289643634,-0.0008423486588910367,-0.6784995433278466,0.45,1
1780692409.539486170,1780692409.539045572,251,map,ego_position_cmd,-0.21392426111240073,0.07298662395560501,1.2161451699937522,0.12465601921997774,-0.09626591750058033,-0.010647359190067391,0.04331966287526116,0.05609520864898999,-0.0008173492309337121,-0.6575912414785068,0.45,1
1780692409.583307981,1780692409.582992315,252,map,ego_position_cmd,-0.20714646073731907,0.06788239366533268,1.2155703924238708,0.1269529228506003,-0.0932159073317936,-0.010690608999874032,0.04194715829930712,0.05712881528277014,-0.000788251116458456,-0.6333483766281215,0.45,1
1780692409.627748489,1780692409.627102852,252,map,ego_position_cmd,-0.20714646073731907,0.06788239366533268,1.2155703924238708,0.1269529228506003,-0.0932159073317936,-0.010690608999874032,0.04194715829930712,0.05712881528277014,-0.000788251116458456,-0.6333483766281215,0.45,1
1780692409.671517134,1780692409.671048403,253,map,ego_position_cmd,-0.20080813352307486,0.06333627102303484,1.2150399789873327,0.12899867803963433,-0.0903636600853837,-0.01072898298992348,0.040663647038422665,0.05804940511783545,-0.0007613989362337196,-0.6110619038780655,0.45,1
1780692409.715589523,1780692409.715059519,254,map,ego_position_cmd,-0.19429808167397655,0.058884463729926055,1.214501781138133,0.13100199132153328,-0.08743413675328945,-0.010766428314718546,0.03934536153898026,0.05895089609468998,-0.0007341526701179786,-0.5885281205800068,0.45,1
1780692409.759698629,1780692409.759092808,255,map,ego_position_cmd,-0.18770089399459053,0.054587789024164605,1.213962678445485,0.13293549493912593,-0.08446540229756574,-0.010802445685493711,0.03800943103390459,0.059820972722606676,-0.0007068605963026874,-0.5660333297776322,0.45,1
1780692409.803464651,1780692409.803032875,256,map,ego_position_cmd,-0.1810053644584393,0.0504385571585229,1.2134215388140697,0.1348026492786647,-0.08145241400629769,-0.010837113486903926,0.03665358630283396,0.06066119217539912,-0.0006794654024622829,-0.5435273015803193,0.45,1
1780692409.847581625,1780692409.847058058,257,map,ego_position_cmd,-0.17421461116941367,0.046439018885677585,1.2128784175610756,0.1366024415014451,-0.07839657502623615,-0.010870425913083197,0.03527845876180627,0.061471098675650294,-0.0006519698890294516,-0.5210095967796164,0.45,1
1780692409.891388178,1780692409.891054869,258,map,ego_position_cmd,-0.16733887342972298,0.042595215653251174,1.2123339276060054,0.13833215295603696,-0.07530249304337534,-0.010902345292831355,0.033886121869518906,0.06224946883021664,-0.0006244050850540249,-0.49850277927878156,0.45,1
1780692409.935714245,1780692409.935049534,259,map,ego_position_cmd,-0.16050023506479127,0.03896997806618932,1.2117973934872721,0.1399635098702148,-0.07222510577915608,-0.010932364281670269,0.03250129760062024,0.06298357944159667,-0.0005972430452931569,-0.47638772503021204,0.45,1
1780692409.979598045,1780692409.979005337,259,map,ego_position_cmd,-0.16050023506479127,0.03896997806618932,1.2117973934872721,0.1399635098702148,-0.07222510577915608,-0.010932364281670269,0.03250129760062024,0.06298357944159667,-0.0005972430452931569,-0.47638772503021204,0.45,1
1780692410.023845434,1780692410.023108482,260,map,ego_position_cmd,-0.15334012145393594,0.03537831105835666,1.2112406010036252,0.1415797600237395,-0.06900305465427119,-0.010962024220441142,0.031051374594422036,0.06371089201068278,-0.0005690554258085316,-0.4535002273304356,0.45,1
1780692410.067701817,1780692410.067107677,261,map,ego_position_cmd,-0.1462327473655702,0.03201260465559752,1.210692554929148,0.1430943279049811,-0.0658047363145066,-0.010989745526969089,0.029612131341527976,0.06439244755724151,-0.0005413105932881203,-0.4310311378300622,0.45,1
1780692410.111769438,1780692410.111126184,262,map,ego_position_cmd,-0.13903655927265016,0.028800941493249653,1.2101420168276844,0.14453957632803766,-0.06256645167269258,-0.011016133029221968,0.028154903252711663,0.06504280934761696,-0.0005134396019015251,-0.408515378829246,0.45,1
1780692410.155770063,1780692410.155053616,263,map,ego_position_cmd,-0.1317737781128553,0.025753687142222113,1.2095904876872536,0.14591084078600006,-0.05929820015078488,-0.011041111419926537,0.0266841900678532,0.06565987835370003,-0.0004855184391672183,-0.3860116163782312,0.45,1
1780692410.199693918,1780692410.199059963,264,map,ego_position_cmd,-0.12466260260952025,0.022953771600067466,1.209054156819634,0.14717080277996963,-0.05609817117428412,-0.011064012658929496,0.025244177028427853,0.06622686125098634,-0.00045836668899397644,-0.3641753677279429,0.45,1
1780692410.243608236,1780692410.243063450,265,map,ego_position_cmd,-0.11702977170089719,0.020145437297532785,1.2084822161224724,0.14843455321611024,-0.05266339726540374,-0.011086935238767102,0.023698528769431685,0.06679554894724962,-0.0004294121912001672,-0.340937498227935,0.45,1
1780692410.287357330,1780692410.287054539,266,map,ego_position_cmd,-0.10963515489657545,0.017614481646982844,1.2079315107656068,0.14957348325885772,-0.04933581970345896,-0.01110755323234431,0.022201118866556534,0.06730806746648599,-0.00040153273250885123,-0.31860629322843464,0.45,1
1780692410.331610918,1780692410.331095934,266,map,ego_position_cmd,-0.10963515489657545,0.017614481646982844,1.2079315107656068,0.14957348325885772,-0.04933581970345896,-0.01110755323234431,0.022201118866556534,0.06730806746648599,-0.00040153273250885123,-0.31860629322843464,0.45,1
1780692410.375794172,1780692410.375125647,267,map,ego_position_cmd,-0.10210026166251676,0.01522315407357453,1.2073734935685618,0.15064958066689146,-0.04594511774813254,-0.011126998668782627,0.020675302986659646,0.06779231130010116,-0.0003732831119084451,-0.2960193689785895,0.45,1
1780692410.419704914,1780692410.419026852,268,map,ego_position_cmd,-0.0945466005413428,0.013011958185344856,1.2068169846144299,0.15164461881659483,-0.04254597024360426,-0.011144949146981805,0.019145686609621917,0.06824007846746767,-0.00034510984610551575,-0.27353131423048915,0.45,1
1780692410.463875771,1780692410.463113785,269,map,ego_position_cmd,-0.08692152250980506,0.010965121374544322,1.2062578868451124,0.15256569538145506,-0.039114685129412276,-0.011161539629205939,0.01760160830823553,0.06865456292165478,-0.00031680552153381106,-0.2509736332293626,0.45,1
1780692410.507575750,1780692410.507048130,270,map,ego_position_cmd,-0.07929502278207383,0.009100748956542325,1.2057011117200764,0.15340466296955596,-0.035682760251933225,-0.011176629728410185,0.016057242113369955,0.06903209833630018,-0.0002886187808288743,-0.2285415193292224,0.45,1
1780692410.551765680,1780692410.551102161,271,map,ego_position_cmd,-0.0722824048378047,0.007545252696266885,1.2051910818774216,0.1541046362866799,-0.03252708217701212,-0.011189204232883762,0.014637186979655454,0.06934708632900596,-0.0002627985200444736,-0.20801812498036593,0.45,1
1780692410.595855713,1780692410.595101833,272,map,ego_position_cmd,-0.06389682012811251,0.005882002247026268,1.2045833558537644,0.15485309898883817,-0.02875356905765063,-0.011202634198552892,0.012939106075942786,0.06968389454497718,-0.00023203239009682427,-0.18359196522803717,0.45,1
1780692410.639593601,1780692410.639047861,273,map,ego_position_cmd,-0.0561062477476376,0.0045262832519951,1.2040206090743262,0.15546317253660222,-0.02524781148643692,-0.011213569093858655,0.011361515168896616,0.069958427641471,-0.00020354333438776266,-0.16099818747904782,0.45,1
1780692410.683254480,1780692410.683006048,274,map,ego_position_cmd,-0.04832432621886791,0.003352110210530168,1.2034600321068545,0.15599155040526141,-0.021745946798490564,-0.01122303107463015,0.009785676059320753,0.07019619768236765,-0.00017516412540951516,-0.1385119840281493,0.45,1
1780692410.727761984,1780692410.727116585,274,map,ego_position_cmd,-0.04832432621886791,0.003352110210530168,1.2034600321068545,0.15599155040526141,-0.021745946798490564,-0.01122303107463015,0.009785676059320753,0.07019619768236765,-0.00017516412540951516,-0.1385119840281493,0.45,1
1780692410.771420240,1780692410.771034956,275,map,ego_position_cmd,-0.040526482529549275,0.0023541971865874423,1.2028996287857163,0.15644061126603565,-0.018236917138297174,-0.011231066411557628,0.00820661271223373,0.07039827506971605,-0.00014679370727689218,-0.11605026237782415,0.45,1
1780692410.815450907,1780692410.815051317,276,map,ego_position_cmd,-0.03268706903880141,0.0015296920573395212,1.202337345913439,0.15681163857419722,-0.014709181067460638,-0.011237701108894431,0.006619131480357287,0.07056523735838875,-0.00011832813686784602,-0.09352792168071858,0.45,1
1780692410.859456539,1780692410.859053373,277,map,ego_position_cmd,-0.02484653273629967,0.000883042790837818,1.2017758728144188,0.15710263074412298,-0.011180939731334853,-0.011242901881173396,0.005031422879100684,0.07069618383485535,-8.99035612299575e-05,-0.0710498560297073,0.45,1
1780692410.903335810,1780692410.903008699,278,map,ego_position_cmd,-0.01698417820424372,0.0004123318955222277,1.201213513045904,0.157314450647015,-0.007642880191909676,-0.011246686130619797,0.0034392960863593547,0.07079150279115676,-6.143409794889519e-05,-0.048545288529634044,0.45,1
1780692410.947397709,1780692410.947014809,279,map,ego_position_cmd,-0.009105112541339777,0.00011845300786503253,1.200650420215446,0.15744669614646073,-0.0040973006436029,-0.011249048105201238,0.0018437852896213051,0.07085101326590734,-3.292752340695658e-05,-0.026017542428302034,0.45,1
1780692410.991455078,1780692410.991024256,280,map,ego_position_cmd,-0.0012341390856253377,2.175862881509394e-06,1.2000881529288367,0.1574990208617033,-0.000555362588531402,-0.011249982515373973,0.00024991316483913094,0.0708745593877665,-4.4627420223575265e-06,-0.0035261189802196177,0.45,1
1780692411.035362959,1780692411.035015821,281,map,ego_position_cmd,0.006640841300186036,6.300677575434288e-05,1.1995256328435455,0.15747164695091054,0.0029883785850837166,-0.011249493684158387,-0.0013447703632876724,0.07086224112790976,2.4014837295507112e-05,0.018974970920613933,0.45,1
1780692411.079741716,1780692411.079098225,281,map,ego_position_cmd,0.006640841300186036,6.300677575434288e-05,1.1995256328435455,0.15747164695091054,0.0029883785850837166,-0.011249493684158387,-0.0013447703632876724,0.07086224112790976,2.4014837295507112e-05,0.018974970920613933,0.45,1
1780692411.123783112,1780692411.123089075,282,map,ego_position_cmd,0.014504490316399872,0.0003006723474272221,1.1989637424006359,0.15736469744365775,0.006527020642379942,-0.01124758362341687,-0.0029371592890709746,0.07081411384964599,5.246054096781193e-05,0.0414532719197511,0.45,1
1780692411.167867184,1780692411.167102337,283,map,ego_position_cmd,0.022377394751075644,0.0007160865368195435,1.198400796474112,0.1571777610584312,0.01006982763798404,-0.011244244260807,-0.004531422437092819,0.07072999247629405,8.095967849808085e-05,0.06397905242222521,0.45,1
1780692411.211824656,1780692411.211156607,284,map,ego_position_cmd,0.030241750859256688,0.0013089669851450935,1.197837852435701,0.1569109648566847,0.01360878788666551,-0.011239476593427458,-0.0061239545489994805,0.07060993418550812,0.00010945872044263388,0.08651287937166317,0.45,1
1780692411.255627394,1780692411.255062342,285,map,ego_position_cmd,0.038075571914509665,0.0020772343990939687,1.1972762719881607,0.1565652445204077,0.01713400736152935,-0.011233295536126056,-0.007710303312688209,0.07045436003418348,0.00013788873059936816,0.10900307657023121,0.45,1
1780692411.299715757,1780692411.299040794,286,map,ego_position_cmd,0.045973611107119776,0.0030325273433094266,1.1967090343670082,0.15613536269551076,0.0206881249982039,-0.011225605027163342,-0.009309656249191755,0.07026091321297985,0.00016660513517021444,0.13173385817019742,0.45,1
1780692411.343797684,1780692411.343115091,287,map,ego_position_cmd,0.05369397731143235,0.004143155625800304,1.1961533151444577,0.15563557996838986,0.024162289790144557,-0.01121665737489877,-0.010873030405565053,0.07003601098577544,0.00019473842081182732,0.15401958481954978,0.45,1
1780692411.387585878,1780692411.387083292,288,map,ego_position_cmd,0.061447268633491765,0.005436169661579959,1.1955937667278616,0.15505372365228903,0.027651270885071296,-0.011206231351810238,-0.012443071898282084,0.06977417564353007,0.00022306555940200908,0.17647825592205343,0.45,1
1780692411.431975365,1780692411.431062698,288,map,ego_position_cmd,0.061447268633491765,0.005436169661579959,1.1955937667278616,0.15505372365228903,0.027651270885071296,-0.011206231351810238,-0.012443071898282084,0.06977417564353007,0.00022306555940200908,0.17647825592205343,0.45,1
1780692411.476048946,1780692411.475160122,289,map,ego_position_cmd,0.0691937748078216,0.0069078527161479,1.1950330187681377,0.15439146627773345,0.031137198663519723,-0.011194352842304817,-0.014011739398583876,0.06947615982498005,0.0002514534248630223,0.19900748207103433,0.45,1
1780692411.519858122,1780692411.519111156,290,map,ego_position_cmd,0.07689543577464535,0.008551479784979292,1.1944736088419232,0.1536518340967593,0.03460294609859041,-0.011181071590589004,-0.015571325744365686,0.0691433253435417,0.0002797735523776359,0.2215082227706506,0.45,1
1780692411.563851595,1780692411.563092470,291,map,ego_position_cmd,0.08390198449853307,0.010205272263962416,1.1939628317115785,0.15290762748121692,0.03775589302433989,-0.011167692256114272,-0.01699015186095295,0.06880843236654761,0.0003056316446013415,0.24207738572251955,0.45,1
1780692411.607355595,1780692411.607036114,292,map,ego_position_cmd,0.09223600442624551,0.012372217542036967,1.1933527079783146,0.15193250210608336,0.04150620199181048,-0.011150137168748577,-0.01867779089631472,0.06836962594773752,0.0003365191585978165,0.26668123157062484,0.45,1
1780692411.651660204,1780692411.651026487,293,map,ego_position_cmd,0.09973852621498185,0.014511957905407024,1.192800804135826,0.15096961894256683,0.044882336796741834,-0.011132775313563163,-0.020197051558533827,0.06793632852415508,0.00036445929062380673,0.2889722277195019,0.45,1
1780692411.695463181,1780692411.695101500,294,map,ego_position_cmd,0.1072739787784154,0.016844940790255922,1.1922436798143485,0.14991977664438483,0.04827329045028693,-0.011113814581169642,-0.02172298070262912,0.06746389948997318,0.0003926637093985996,0.31151080937227227,0.45,1
1780692411.739514112,1780692411.739060163,295,map,ego_position_cmd,0.11473799619328617,0.019341275285908354,1.191688803746514,0.14879642612134125,0.05163209828697878,-0.011093490359319948,-0.023234444229140457,0.06695839175460357,0.0004207543103327248,0.33399814862016325,0.45,1
1780692411.783257723,1780692411.783030510,296,map,ego_position_cmd,0.12214506537855467,0.02200520887723141,1.1911348980996044,0.14759765600524585,0.0549652794203496,-0.011071760458254363,-0.024734375739157325,0.06641894520236065,0.00044879578370752784,0.35648875036997807,0.45,1
1780692411.827805042,1780692411.827123642,296,map,ego_position_cmd,0.12214506537855467,0.02200520887723141,1.1911348980996044,0.14759765600524585,0.0549652794203496,-0.011071760458254363,-0.024734375739157325,0.06641894520236065,0.00044879578370752784,0.35648875036997807,0.45,1
1780692411.871679068,1780692411.871029615,297,map,ego_position_cmd,0.129493596585123,0.024836335911514504,1.1905818685672804,0.14632364883981847,0.05827211846330535,-0.011048619903227665,-0.026222453308487412,0.06584564197791833,0.00047679290378142847,0.378989327720707,0.45,1
1780692411.915737867,1780692411.915106058,298,map,ego_position_cmd,0.13636318186761187,0.027656886794613502,1.1900614590761496,0.14505440094242392,0.06136343184042534,-0.011025517497738517,-0.02761354432819141,0.06527448042409077,0.0005031386342699243,0.4002071058224163,0.45,1
1780692411.959750652,1780692411.959099770,299,map,ego_position_cmd,0.144041016452892,0.03101381600574347,1.1894755699160504,0.14354378279741545,0.0648184574038014,-0.0109979585061289,-0.029168305831710636,0.06459470225883696,0.0005327992729999427,0.42414946381970936,0.45,1
1780692412.003664017,1780692412.003076315,300,map,ego_position_cmd,0.15112473162300843,0.0343081953995738,1.1889307060169045,0.1420613120701918,0.0680061292303538,-0.01097084571683003,-0.030602758153659215,0.06392759043158631,0.0005603830078942052,0.44647077061993173,0.45,1
1780692412.047551155,1780692412.047054768,301,map,ego_position_cmd,0.1581959753103541,0.03779168269310021,1.1883823283170636,0.1404937427881049,0.07118818888965935,-0.010942103490590471,-0.03203468500034671,0.0632221842546472,0.0005881446289486519,0.46899328502215787,0.45,1
1780692412.091522932,1780692412.091019392,302,map,ego_position_cmd,0.165178133110732,0.04142880182678535,1.1878361187721913,0.1388570391779466,0.07433015989982941,-0.010912012860591336,-0.033448571954923234,0.06248566763007597,0.0006157964871578085,0.49148714387149695,0.45,1
1780692412.135521889,1780692412.135035276,303,map,ego_position_cmd,0.1720787458574964,0.045223187850336695,1.1872912870368486,0.1371495654673485,0.07743543563587339,-0.010880532437581993,-0.03484594603614303,0.06171730446030683,0.0006433785937595426,0.5139876541702744,0.45,1
1780692412.179698467,1780692412.179094553,303,map,ego_position_cmd,0.1720787458574964,0.045223187850336695,1.1872912870368486,0.1371495654673485,0.07743543563587339,-0.010880532437581993,-0.03484594603614303,0.06171730446030683,0.0006433785937595426,0.5139876541702744,0.45,1
1780692412.223563194,1780692412.223005295,304,map,ego_position_cmd,0.1788798935361408,0.049164523886395806,1.1867490534183947,0.1353759642511219,0.08049595209126337,-0.010847736099931376,-0.03622317844106852,0.060919183913004854,0.000670829170693767,0.536447111871827,0.45,1
1780692412.267281294,1780692412.266995430,305,map,ego_position_cmd,0.1856062073424085,0.0532672316781194,1.1862072441790577,0.13352974574484627,0.08352279330408384,-0.010813491308198427,-0.03758525698683773,0.06008838558518083,0.0006982582634352097,0.5589584478209202,0.45,1
1780692412.311675549,1780692412.311032534,306,map,ego_position_cmd,0.19223195276734933,0.057516023797453866,1.185667715788989,0.13161778929114576,0.08650437874530721,-0.010777912482621561,-0.038926970435388245,0.0592280051810156,0.0007255718881824271,0.5814475105714576,0.45,1
1780692412.355816841,1780692412.355062723,307,map,ego_position_cmd,0.1987701079095458,0.06191937898979128,1.1851292017951538,0.1296362794545939,0.08944654855929561,-0.010740915004691478,-0.04025094685168303,0.05833632575456727,0.0007528341591203348,0.6039699957221518,0.45,1
1780692412.399306297,1780692412.399017572,308,map,ego_position_cmd,0.2051785943795949,0.06644798641446105,1.1845949931128057,0.12759840611349252,0.09233036747081771,-0.010702731742038023,-0.04154866536186797,0.057419282751071644,0.0007798784736642115,0.6263907520714626,0.45,1
1780692412.443249226,1780692412.443007946,309,map,ego_position_cmd,0.2115326652520697,0.07115608033999413,1.184058580415875,0.12547976384700263,0.09518969936343137,-0.01066289015912997,-0.04283536471354412,0.05646589373115119,0.0008070343664463248,0.6489862231711656,0.45,1
1780692412.487241268,1780692412.487011433,310,map,ego_position_cmd,0.217757003759409,0.07598925693738806,1.1835260750472811,0.12330483437817537,0.09799065169173406,-0.010621834632280664,-0.04409579326128033,0.05548717547017892,0.0008339924507313947,0.6715023597210591,0.45,1
1780692412.531173706,1780692412.530947924,311,map,ego_position_cmd,0.22355064567103264,0.08069513777121583,1.1830236364137814,0.12118718800295288,0.10059779055196469,-0.010581707371404842,-0.04526900574838412,0.0545342346013288,0.0008594284065523112,0.6928285365203253,0.45,1
1780692412.575527430,1780692412.575021505,311,map,ego_position_cmd,0.22355064567103264,0.08069513777121583,1.1830236364137814,0.12118718800295288,0.10059779055196469,-0.010581707371404842,-0.04526900574838412,0.0545342346013288,0.0008594284065523112,0.6928285365203253,0.45,1
1780692412.619957209,1780692412.619104385,312,map,ego_position_cmd,0.22987903187925446,0.0860764680778603,1.1824667185780604,0.11876558936496286,0.10344556434566451,-0.010535633210944915,-0.046550503955549036,0.053444515214233296,0.0008876223719856885,0.7165635408196305,0.45,1
1780692412.663569212,1780692412.663020372,313,map,ego_position_cmd,0.23573328226178694,0.09129201861155369,1.1819433412943399,0.11641859162480084,0.10607997701780414,-0.010490785337242752,-0.04773598965801187,0.05238836623116038,0.0009141183469740443,0.7389655789712621,0.45,1
1780692412.707754850,1780692412.707108259,314,map,ego_position_cmd,0.24133883911759402,0.09651318627318685,1.1814341724941853,0.11406906617706591,0.10860247760291732,-0.010445696301915774,-0.0488711149213128,0.05133107977967967,0.0009398950174818716,0.7608530839711658,0.45,1
1780692412.751790285,1780692412.751091480,315,map,ego_position_cmd,0.2471523484004354,0.10217805448235665,1.180897078151464,0.11151987548293951,0.11121855678019595,-0.010396554372866367,-0.05004835055108818,0.05018394396732278,0.0009670854185821348,0.7840453725212926,0.45,1
1780692412.795563698,1780692412.795064688,316,map,ego_position_cmd,0.25222570398160776,0.10734346443793774,1.1804201757962494,0.10919544100292801,0.11350156679172349,-0.010351541830090096,-0.05107570505627558,0.04913794845131761,0.000991228600314874,0.8047320075219673,0.45,1
1780692412.839414358,1780692412.839043856,317,map,ego_position_cmd,0.2580789289558336,0.11357820229722944,1.1798595820108961,0.10638980896624675,0.11613551803012515,-0.010296948838768898,-0.05226098311355632,0.04787541403481104,0.0010196086606983844,0.8291661484701095,0.45,1
1780692412.883418798,1780692412.883009195,318,map,ego_position_cmd,0.2632850432583395,0.11938996987022814,1.1793507203627698,0.10377451355839733,0.11847826946625278,-0.01024579753141322,-0.05331522125981376,0.046698531101278806,0.0010453697816347782,0.8514596983720606,0.45,1
1780692412.927719831,1780692412.927092075,318,map,ego_position_cmd,0.2632850432583395,0.11938996987022814,1.1793507203627698,0.10377451355839733,0.11847826946625278,-0.01024579753141322,-0.05331522125981376,0.046698531101278806,0.0010453697816347782,0.8514596983720606,0.45,1
1780692412.971679449,1780692412.971013784,319,map,ego_position_cmd,0.26823074733016017,0.12516168879235956,1.1788574828508693,0.1011772400434382,0.12070383629857208,-0.010194744707951741,-0.05431672633435744,0.045529758019547194,0.00107033993067474,0.8731768032193272,0.45,1
1780692413.015641451,1780692413.015065908,320,map,ego_position_cmd,0.27340553493749936,0.13148360824519406,1.1783301057879507,0.09833237628966267,0.12303249072187471,-0.010138530171822431,-0.05536462082484363,0.04424956933034821,0.0010970383944849955,0.8965195245196138,0.45,1
1780692413.059432030,1780692413.059015989,321,map,ego_position_cmd,0.27824003194861935,0.13767363653744913,1.1778258808729114,0.0955468635581479,0.12520801437687873,-0.010083184755942448,-0.05634360646959543,0.042996088601166556,0.0011225647808088626,0.9189606312196037,0.45,1
1780692413.103419065,1780692413.103037834,322,map,ego_position_cmd,0.2829430190370441,0.14398240857100844,1.1773235168565845,0.0927079161430462,0.12732435856666985,-0.01002646330006119,-0.057295961355001444,0.04171856226437079,0.0011479969591354036,0.9414435136720624,0.45,1
1780692413.147563934,1780692413.147060394,323,map,ego_position_cmd,0.2875094278709791,0.1504045870133729,1.176823303959937,0.08981793584398219,0.1293792425419406,-0.009968390718102038,-0.05822065914387328,0.04041807112979199,0.0011733202370281925,0.9639586494194432,0.45,1
