t,phase,uav_a,uav_b,distance_m
6.308,init,2,3,1.4660079933573382
6.342,init,2,3,1.4660079933240218
6.376,init,2,3,1.4660079932907055
6.41,init,2,3,1.4660079932573893
6.444,init,2,3,1.466007993224073
6.478,init,2,3,1.4660079931907566
6.5120000000000005,init,2,3,1.4660079931574401
6.546,init,2,3,1.466007993124124
6.58,init,2,3,1.4660079930908079
6.614,init,2,3,1.4660079930574914
6.648,init,2,3,1.466007993024175
6.684,init,2,3,1.4660079929888992
6.718,init,2,3,1.4660079929555827
6.752,init,2,3,1.466007992928146
6.786,init,2,3,1.4660079928889502
6.82,init,2,3,1.4660079928556338
6.855,init,2,3,1.4660079928213376
6.889,init,2,3,1.4660079927880212
6.923,init,2,3,1.4660079927547052
6.957,init,2,3,1.4660079927213887
6.997,init,2,3,1.4660079926880722
7.031,takeoff,2,3,1.466007992648877
7.065,takeoff,2,3,1.4660079926155605
7.099,takeoff,2,3,1.4660079925822442
7.133,takeoff,2,3,1.4660079925489278
7.167,takeoff,2,3,1.4660079925165914
7.201,takeoff,2,3,1.4660079924822953
7.235,takeoff,2,3,1.466007992448979
7.269,takeoff,2,3,1.4660079924156626
7.303,takeoff,2,3,1.4660079923823461
7.337,takeoff,2,3,1.4660079923490301
7.371,takeoff,2,3,1.4660079923157139
7.405,takeoff,2,3,1.4660079922823974
7.439,takeoff,2,3,1.4660079922490814
7.473,takeoff,2,3,1.466007992215765
7.507,takeoff,2,3,1.4660079921824485
7.541,takeoff,2,3,1.4660079921491325
7.575,takeoff,2,3,1.4660079921158162
7.609,takeoff,2,3,1.4660079920824998
7.643,takeoff,2,3,1.4660079920491833
7.677,takeoff,2,3,1.466007992015867
7.711,takeoff,2,3,1.4660079919825508
7.745,takeoff,2,3,1.4660079919492346
7.779,takeoff,2,3,1.4660079919159181
7.813,takeoff,2,3,1.466007991882602
7.8469999999999995,takeoff,2,3,1.4660079918492857
7.881,takeoff,2,3,1.4660079918159694
7.915,takeoff,2,3,1.466007991782653
7.95,takeoff,2,3,1.466007991748357
7.984,takeoff,2,3,1.4660079917150406
8.018,takeoff,2,3,1.4660079916817241
8.052,takeoff,2,3,1.466007991648408
8.086,takeoff,2,3,1.4660079916150917
8.12,takeoff,2,3,1.4660079915817754
8.154,takeoff,2,3,1.466007991548459
8.188,takeoff,2,3,1.4660079915151427
8.222,takeoff,2,3,1.4660079914818265
8.256,takeoff,2,3,1.4660079914485102
8.29,takeoff,2,3,1.4660079914151938
8.324,takeoff,2,3,1.4660079913818778
8.358,takeoff,2,3,1.4660079913485613
8.392,takeoff,2,3,1.466007991315245
8.426,takeoff,2,3,1.4660079912819286
8.46,takeoff,2,3,1.4660079912486126
8.494,takeoff,2,3,1.4660079912152961
8.528,takeoff,2,3,1.4660079911819797
8.562,takeoff,2,3,1.4660079911486634
8.596,takeoff,2,3,1.4660079911153474
8.63,takeoff,2,3,1.466007991082031
8.664,takeoff,2,3,1.4660079910487145
8.698,takeoff,2,3,1.4660079910153982
8.732,takeoff,2,3,1.466007990982082
8.766,takeoff,2,3,1.4660079909487658
8.8,takeoff,2,3,1.4660079909154493
8.834,takeoff,2,3,1.466007990882133
8.868,takeoff,2,3,1.4660079908488166
8.902,takeoff,2,3,1.4660079908155006
8.936,takeoff,2,3,1.4660079907821841
8.97,takeoff,2,3,1.466007990748868
9.004,takeoff,2,3,1.4660079907155517
9.038,takeoff,2,3,1.4660079906822354
9.072,takeoff,2,3,1.466007990648919
9.106,takeoff,2,3,1.4660079906156025
9.14,takeoff,2,3,1.4660079905822865
9.174,takeoff,2,3,1.46600799054897
9.208,takeoff,2,3,1.4660079905156538
9.242,takeoff,2,3,1.4660079904823378
9.276,takeoff,2,3,1.4660079904490213
9.31,takeoff,2,3,1.4660079904157048
9.344,takeoff,2,3,1.4660079903823886
9.378,takeoff,2,3,1.4660079903490724
9.413,takeoff,2,3,1.4660079903147762
9.447,takeoff,2,3,1.4660079902814598
9.481,takeoff,2,3,1.4660079902481433
9.515,takeoff,2,3,1.4660079902148273
9.549,takeoff,2,3,1.4660079901815108
9.583,takeoff,2,3,1.4660079901481946
9.617,takeoff,2,3,1.4660079901148786
9.651,takeoff,2,3,1.4660079900815621
9.685,takeoff,2,3,1.4660079900482457
9.719,takeoff,2,3,1.4660079900149294
9.753,takeoff,2,3,1.4660079899816132
9.787,takeoff,2,3,1.466007989948297
9.821,takeoff,2,3,1.4660079899149805
9.855,takeoff,2,3,1.4660079898816643
9.889,takeoff,2,3,1.466007989848348
9.923,takeoff,2,3,1.4660079898150318
9.957,takeoff,2,3,1.4660079897817153
9.991,takeoff,2,3,1.466007989748399
10.025,takeoff,2,3,1.4660079897150826
10.059,takeoff,2,3,1.4660079896817666
10.093,takeoff,2,3,1.4660079896484501
10.127,takeoff,2,3,1.4660079896151341
10.161,takeoff,2,3,1.4660079895808378
10.2,takeoff,2,3,1.466007989550461
10.235,takeoff,2,3,1.4660079895093057
10.269,takeoff,2,3,1.4660079894759892
10.303,takeoff,2,3,1.4660079894426732
10.337,takeoff,2,3,1.4660079894093567
10.371,takeoff,2,3,1.4660079893760405
10.405,takeoff,2,3,1.466007989342724
10.439,takeoff,2,3,1.466007989309408
10.473,takeoff,2,3,1.4660079892760915
10.507,takeoff,2,3,1.4660079892427753
10.541,takeoff,2,3,1.466007989209459
10.575,takeoff,2,3,1.4660079891761428
10.609,takeoff,2,3,1.4660079891428264
10.644,takeoff,2,3,1.46600798910951
10.678,takeoff,2,3,1.466007989075214
10.712,takeoff,2,3,1.4660079890418976
10.746,takeoff,2,3,1.4660079890085813
10.78,takeoff,2,3,1.4660079889752649
10.814,takeoff,2,3,1.4660079889419488
10.848,takeoff,2,3,1.4660079889086324
10.882,takeoff,2,3,1.4660079888753161
10.916,takeoff,2,3,1.4660079888419997
10.95,takeoff,2,3,1.4660079888086837
10.984,takeoff,2,3,1.4660079887753672
11.018,takeoff,2,3,1.4660079887420507
11.052,takeoff,2,3,1.4660079887087345
11.086,takeoff,2,3,1.4660079886754183
11.12,takeoff,2,3,1.466007988642102
11.154,takeoff,2,3,1.4660079886087856
11.188,takeoff,2,3,1.4660079885754695
11.222,takeoff,2,3,1.466007988542153
11.256,takeoff,2,3,1.4660079885088368
11.29,takeoff,2,3,1.4660079884755204
11.324,takeoff,2,3,1.4660079884422044
11.358,takeoff,2,3,1.466007988408888
11.392,takeoff,2,3,1.4660079883755717
11.426,takeoff,2,3,1.4660079883422552
11.461,takeoff,2,3,1.466007988307959
11.495,takeoff,2,3,1.4660079882746428
11.529,takeoff,2,3,1.4660079882413268
11.564,takeoff,2,3,1.4660079882070305
11.598,takeoff,2,3,1.466007988173714
11.632,takeoff,2,3,1.4660079881403978
11.666,takeoff,2,3,1.4660079881070815
11.7,takeoff,2,3,1.4660079880737653
11.734,takeoff,2,3,1.4660079880404489
11.768,takeoff,2,3,1.4660079880071324
11.802,takeoff,2,3,1.4660079879738164
11.836,takeoff,2,3,1.4660079879405001
11.871,takeoff,2,3,1.4660079879062038
11.906,takeoff,2,3,1.4660079878719077
11.94,takeoff,2,3,1.4660079878385914
11.974,takeoff,2,3,1.466007987805275
12.008,takeoff,2,3,1.466007987771959
12.043,takeoff,2,3,1.4660079877376626
12.077,takeoff,2,3,1.4660079877043464
12.112,takeoff,2,3,1.4660079876700502
12.146,takeoff,2,3,1.4660079876367338
12.18,takeoff,2,3,1.4660079876034173
12.214,takeoff,2,3,1.4660079875701013
12.248,takeoff,2,3,1.4660079875367849
12.283,takeoff,2,3,1.4660079875024887
12.317,takeoff,2,3,1.4660079874691725
12.350999999999999,takeoff,2,3,1.4660079874358563
12.385,takeoff,2,3,1.4660079874025398
12.419,takeoff,2,3,1.4660079873692236
12.453,takeoff,2,3,1.466007987335907
12.487,takeoff,2,3,1.466007987302591
12.521,takeoff,2,3,1.4660079872692746
12.555,takeoff,2,3,1.4660079872359582
12.589,takeoff,2,3,1.466007987202642
12.623,takeoff,2,3,1.4660079871693257
12.657,takeoff,2,3,1.4660079871360094
12.691,takeoff,2,3,1.466007987102693
12.725,takeoff,2,3,1.466007987069377
12.759,takeoff,2,3,1.4660079870360605
12.793,takeoff,2,3,1.4660079870027443
12.827,takeoff,2,3,1.466007986969428
12.861,takeoff,2,3,1.4660079869361118
12.896,takeoff,2,3,1.4660079869018154
12.93,takeoff,2,3,1.4660079868684994
12.964,takeoff,2,3,1.466007986835183
12.998,takeoff,2,3,1.4660079868018667
13.032,takeoff,2,3,1.4660079867685505
13.066,takeoff,2,3,1.4660079867352342
13.1,takeoff,2,3,1.4660079867019178
13.134,takeoff,2,3,1.4660079866686013
13.168,takeoff,2,3,1.4660079866352853
13.202,takeoff,2,3,1.4660079866019688
13.236,takeoff,2,3,1.4660079865686526
13.27,takeoff,2,3,1.4660079865353361
13.304,takeoff,2,3,1.4660079865020201
13.338,takeoff,2,3,1.4660079864687037
13.373,takeoff,2,3,1.4660079864344076
13.407,takeoff,2,3,1.466007986401091
13.441,takeoff,2,3,1.466007986367775
13.475,takeoff,2,3,1.4660079863344586
13.509,takeoff,2,3,1.4660079863011422
13.543,takeoff,2,3,1.466007986267826
13.578,takeoff,2,3,1.4660079862335298
13.612,takeoff,2,3,1.466007986199234
13.646,takeoff,2,3,1.4660079861668973
13.68,takeoff,2,3,1.466007986133581
13.714,takeoff,2,3,1.4660079861002646
13.748,takeoff,2,3,1.4660079860669486
13.782,takeoff,2,3,1.4660079860336321
13.816,takeoff,2,3,1.466007986000316
13.85,takeoff,2,3,1.4660079859669994
13.884,takeoff,2,3,1.4660079859336834
13.918,takeoff,2,3,1.466007985900367
13.952,takeoff,2,3,1.4660079858670505
13.986,takeoff,2,3,1.4660079858337343
14.02,takeoff,2,3,1.4660079858004182
14.054,takeoff,2,3,1.4660079857671018
14.088,takeoff,2,3,1.4660079857337853
14.122,takeoff,2,3,1.466007985700469
14.156,takeoff,2,3,1.4660079856671528
14.19,takeoff,2,3,1.4660079856338366
14.224,takeoff,2,3,1.4660079856005201
14.258,takeoff,2,3,1.466007985567204
14.292,takeoff,2,3,1.4660079855338877
14.326,takeoff,2,3,1.4660079855005714
14.36,takeoff,2,3,1.466007985467255
14.394,takeoff,2,3,1.4660079854339387
14.429,takeoff,2,3,1.4660079853996426
14.463,takeoff,2,3,1.4660079853663261
14.498,takeoff,2,3,1.46600798533301
14.532,takeoff,2,3,1.4660079852991277
14.566,takeoff,2,3,1.4660079852838344
14.6,takeoff,2,3,1.4660079852617491
14.634,takeoff,2,3,1.4660079852345
14.669,takeoff,2,3,1.466007985220882
14.703,takeoff,2,3,1.4660079851951864
14.737,takeoff,2,3,1.4660079851816472
14.772,takeoff,2,3,1.466007985152259
14.806000000000001,takeoff,2,3,1.4660079851351826
14.84,takeoff,2,3,1.4660079851130958
14.874,takeoff,2,3,1.4660079850969743
14.908,takeoff,2,3,1.4660079850745884
14.942,takeoff,2,3,1.4660079850494576
14.975999999999999,takeoff,2,3,1.4660079850329417
15.01,takeoff,2,3,1.4660079850134526
15.044,takeoff,2,3,1.466007984992779
15.078,takeoff,2,3,1.4660079849681604
15.112,takeoff,2,3,1.4660079849490661
15.146,takeoff,2,3,1.4660079849316712
15.18,takeoff,2,3,1.4660079849080432
15.214,takeoff,2,3,1.46600798488797
15.248,takeoff,2,3,1.4660079848681904
15.282,takeoff,2,3,1.4660079848451755
15.316,takeoff,2,3,1.4660079848303569
15.35,takeoff,2,3,1.4660079848050471
15.384,takeoff,2,3,1.4660079847857799
15.418,takeoff,2,3,1.466007984763429
15.452,takeoff,2,3,1.4660079847483334
15.486,takeoff,2,3,1.4660079847236576
15.52,takeoff,2,3,1.4660079847022498
15.554,takeoff,2,3,1.4660079846844722
15.588,takeoff,2,3,1.4660079846597884
15.623,takeoff,2,3,1.4660079846447704
15.657,takeoff,2,3,1.4660079846194365
15.691,takeoff,2,3,1.4660079846012377
15.725,takeoff,2,3,1.466007984576854
15.759,takeoff,2,3,1.4660079845631222
15.793,takeoff,2,3,1.4660079845151557
15.827,takeoff,2,3,1.466007984499183
15.862,takeoff,2,3,1.466007984473938
15.896,takeoff,2,3,1.4660079844388891
15.93,takeoff,2,3,1.466007984409174
15.964,takeoff,2,3,1.4660079843875984
15.998,takeoff,2,3,1.4660079843681344
16.032,takeoff,2,3,1.4660079843273115
16.066,takeoff,2,3,1.4660079843047906
16.1,takeoff,2,3,1.4660079842845182
16.134,takeoff,2,3,1.4660079842641616
16.168,takeoff,2,3,1.46600798423013
16.202,takeoff,2,3,1.4660079842020226
16.236,takeoff,2,3,1.4660079841787477
16.27,takeoff,2,3,1.4660079841590599
16.304,takeoff,2,3,1.4660079841365252
16.338,takeoff,2,3,1.4660079840964948
16.372,takeoff,2,3,1.4660079840805487
16.406,takeoff,2,3,1.4660079840594789
16.44,takeoff,2,3,1.466007984031434
16.474,takeoff,2,3,1.4660079839941458
16.508,takeoff,2,3,1.4660046814049763
16.542,takeoff,2,3,1.4659824236451777
16.576,takeoff,2,3,1.4659072491710132
16.61,takeoff,2,3,1.4657218661940303
16.644,takeoff,2,3,1.4653821287252953
16.678,takeoff,2,3,1.4648623142412907
16.712,takeoff,2,3,1.464154842182233
16.746,takeoff,2,3,1.4632720765256713
16.78,takeoff,2,3,1.4622471012382023
16.814,takeoff,2,3,1.4611314365309187
16.848,takeoff,2,3,1.4599882546336207
16.883,takeoff,2,3,1.4588553415847325
16.917,takeoff,2,3,1.4578695727112048
16.951,takeoff,2,3,1.4570651028126018
16.985,takeoff,2,3,1.456502789963171
17.019,takeoff,2,3,1.456227836205962
17.053,takeoff,2,3,1.4562690826813685
17.087,takeoff,2,3,1.4566381646273052
17.121,takeoff,2,3,1.4573286671637695
17.155,takeoff,2,3,1.458316108705219
17.189,takeoff,2,3,1.45956129691126
17.223,takeoff,2,3,1.461013298503167
17.257,takeoff,2,3,1.462565326917172
17.291,takeoff,2,3,1.464303259673039
17.326,takeoff,2,3,1.4660761147670927
17.36,takeoff,2,3,1.4677814175063941
17.394,takeoff,2,3,1.4694321776985013
17.428,takeoff,2,3,1.4710042941145773
17.462,takeoff,2,3,1.4724885668313006
17.496,takeoff,2,3,1.4738906770650895
17.53,takeoff,2,3,1.4752271163097321
17.564,takeoff,2,3,1.4765283236711728
17.598,takeoff,2,3,1.4778231601456422
17.632,takeoff,2,3,1.4791449649668893
17.666,takeoff,2,3,1.4805681469199787
17.701,takeoff,2,3,1.4820488843601525
17.736,takeoff,2,3,1.483658479779663
17.77,takeoff,2,3,1.4854734682155601
17.804,takeoff,2,3,1.487400988726502
17.838,takeoff,2,3,1.4894905643054828
17.873,takeoff,2,3,1.4918041999875986
17.907,takeoff,2,3,1.4941969012455893
17.942,takeoff,2,3,1.4967936616115864
17.976,takeoff,2,3,1.4994270480369098
18.01,takeoff,2,3,1.5021516164842732
18.044,takeoff,2,3,1.5049514591084474
18.078,takeoff,2,3,1.5078109655828054
18.112,takeoff,2,3,1.5107165050322826
18.146,takeoff,2,3,1.5136575001529335
18.181,takeoff,2,3,1.5167136792623557
18.215,takeoff,2,3,1.5197102579583996
18.249,takeoff,2,3,1.5227317904086897
18.283,takeoff,2,3,1.525871488227149
18.317,takeoff,2,3,1.5288562043601124
18.351,takeoff,2,3,1.5319585755180962
18.385,takeoff,2,3,1.5350943048256398
18.419,takeoff,2,3,1.5382685147997965
18.453,takeoff,2,3,1.5414818751782757
18.487,takeoff,2,3,1.5447349404613517
18.521,takeoff,2,3,1.5480243072490807
18.555,takeoff,2,3,1.5513491562472557
18.589,takeoff,2,3,1.5546982757395986
18.623,takeoff,1,2,1.553023687662691
18.657,takeoff,1,2,1.550295334759038
18.691,takeoff,1,2,1.5476158778993032
18.725,takeoff,1,2,1.54499016408797
18.76,takeoff,1,2,1.5424129215844258
18.794,takeoff,1,2,1.5398152101719902
18.828,takeoff,1,2,1.5373486533970757
18.862,takeoff,1,2,1.5349360880397607
18.896,takeoff,1,2,1.5325826952346742
18.93,takeoff,1,2,1.5302870681392853
18.964,takeoff,1,2,1.5280492953442564
18.998,takeoff,1,2,1.5258673206708724
19.032,takeoff,1,2,1.523729118440053
19.066,takeoff,1,2,1.521626067575083
19.1,takeoff,1,2,1.5195548611075276
19.134,takeoff,1,2,1.5175142911738728
19.168,takeoff,1,2,1.5155054899633194
19.202,takeoff,1,2,1.5135318121775325
19.236,takeoff,1,2,1.5115966956274305
19.27,takeoff,1,2,1.5096980071648562
19.304,takeoff,1,2,1.5078846480743768
19.338,takeoff,1,2,1.5059928544693668
19.373,takeoff,1,2,1.5041383870744933
19.407,takeoff,1,2,1.5023813778967943
19.441,takeoff,1,2,1.5006771208983338
19.476,takeoff,1,2,1.4989846432463996
19.51,takeoff,1,2,1.4974056780764584
19.544,takeoff,1,2,1.4958895143772917
19.578,takeoff,1,2,1.494439491749954
19.612,takeoff,1,2,1.493062316974317
19.647,takeoff,1,2,1.4917181163872757
19.681,takeoff,1,2,1.490483151789893
19.715,takeoff,1,2,1.4893144755241157
19.749,takeoff,1,2,1.4882086742993448
19.783,takeoff,1,2,1.4871577105665403
19.817,takeoff,1,2,1.4861581981820822
19.851,takeoff,1,2,1.4852125127761375
19.885,takeoff,1,2,1.484321746218975
19.919,takeoff,1,2,1.4834861437975262
19.953,takeoff,1,2,1.4826823583661513
19.987,takeoff,1,2,1.48197767510937
20.021,takeoff,1,2,1.4813052937700701
20.055,takeoff,1,2,1.480682507865436
20.089,takeoff,1,2,1.4801091135732662
20.123,takeoff,1,2,1.4795859051330187
20.158,takeoff,1,2,1.4790958597110022
20.192,takeoff,1,2,1.4786514048858914
20.226,takeoff,1,2,1.4782727382477712
20.26,takeoff,1,2,1.4779218996180434
20.295,takeoff,1,2,1.4776024914368877
20.329,takeoff,1,2,1.477335366153734
20.363,takeoff,1,2,1.4771094559276834
20.397,takeoff,1,2,1.476919950836917
20.431,takeoff,1,2,1.4767633129610298
20.465,takeoff,1,2,1.4766383968702226
20.499,takeoff,1,2,1.476549123403055
20.533,takeoff,1,2,1.4764921018970005
20.567,takeoff,1,2,1.476463691735692
20.601,takeoff,1,2,1.4764670820552892
20.636,takeoff,1,2,1.476510216812262
20.67,takeoff,1,2,1.4765999499315179
20.704,takeoff,1,2,1.4767472423191008
20.738,takeoff,1,2,1.4769582708208582
20.772,takeoff,1,2,1.477235326524927
20.806,takeoff,1,2,1.4775742313218803
20.84,takeoff,1,2,1.4779650286048722
20.874,takeoff,1,2,1.4783935329258058
20.908,takeoff,1,2,1.478844754303453
20.942,takeoff,1,2,1.4793016820075071
20.976,takeoff,1,2,1.4797440691188528
21.01,takeoff,1,2,1.4801542095794482
21.045,takeoff,1,2,1.480529141282444
21.079,takeoff,1,2,1.4808390200602246
21.113,takeoff,1,2,1.481091451175331
21.147,takeoff,1,2,1.4812870823809938
21.181,takeoff,1,2,1.4814291069004974
21.215,takeoff,1,2,1.481525438614598
21.249,takeoff,1,2,1.4815851338665444
21.283,takeoff,1,2,1.481615705580333
21.318,takeoff,1,2,1.4816268247324182
21.352,takeoff,1,2,1.4816309085935253
21.386,takeoff,1,2,1.4816366715782
21.42,takeoff,1,2,1.481649108427035
21.454,takeoff,1,2,1.4816744351835016
21.488,takeoff,1,2,1.4817170789063483
21.522,takeoff,1,2,1.481780838537847
21.556,takeoff,1,2,1.4818696048991031
21.59,takeoff,1,2,1.481981072416513
21.624,takeoff,1,2,1.4821104888872771
21.658,takeoff,1,2,1.4822530590409957
21.692,takeoff,1,2,1.4824020509720215
21.726,takeoff,1,2,1.4825505944639108
21.76,takeoff,1,2,1.4826935628173747
21.794,takeoff,1,2,1.482825933784713
21.828,takeoff,1,2,1.482944299558756
21.862,takeoff,1,2,1.4830492566259286
21.896,takeoff,1,2,1.4831306198769587
21.93,takeoff,1,2,1.4831947290889536
21.964,takeoff,1,2,1.4832382863096931
21.998,takeoff,1,2,1.4832581180339812
22.032,takeoff,1,2,1.483259050115815
22.066,takeoff,1,2,1.483244704083937
22.1,takeoff,1,2,1.4832217122789035
22.134,takeoff,1,2,1.4831965654169301
22.168,hover,1,2,1.483174117472549
22.202,hover,2,3,1.482864714621456
22.236,hover,2,3,1.482540044054885
22.27,hover,2,3,1.4822133487054383
22.304,hover,2,3,1.4818604283092447
22.338,hover,2,3,1.4814736625937373
22.372,hover,2,3,1.4810599486235159
22.407,hover,2,3,1.480622472786757
22.442,hover,2,3,1.4801913640662412
22.476,hover,2,3,1.4797969600077385
22.51,hover,2,3,1.4794460780381695
22.545,hover,2,3,1.4791636389793485
22.579,hover,2,3,1.4789545473882428
22.613,hover,2,3,1.478821320356449
22.647,hover,2,3,1.4787578257130523
22.681,hover,2,3,1.4787501542299955
22.715,hover,2,3,1.4787904546582704
22.749,hover,2,3,1.4788745036377662
22.784,hover,2,3,1.4789959893033313
22.818,hover,2,3,1.479137122919225
22.852,hover,2,3,1.4792915516813394
22.886,hover,2,3,1.4794501226189702
22.921,hover,1,2,1.4794560354419437
22.955,hover,1,2,1.4794322781989082
22.989,hover,1,2,1.4794528132921665
23.023,hover,1,2,1.4795058709095115
23.057,hover,1,2,1.479581222668197
23.091,hover,1,2,1.4796689391698385
23.125,hover,2,3,1.4795316316553013
23.159,hover,2,3,1.4792990441372869
23.193,hover,2,3,1.4790129292050533
23.227,hover,2,3,1.4786913951969245
23.261,hover,2,3,1.4783551293579724
23.295,hover,2,3,1.4780212834627997
23.329,hover,2,3,1.4777038126415925
23.363,hover,2,3,1.4774131355613978
23.397,hover,2,3,1.4771563262600238
23.431,hover,2,3,1.4769382875138923
23.465,hover,2,3,1.4767611670672929
23.504,hover,2,3,1.4766221352952633
23.538,hover,2,3,1.4764973478039598
23.572,hover,2,3,1.4764043201020345
23.606,hover,2,3,1.476313442114971
23.64,hover,2,3,1.4762129076719626
23.675,hover,2,3,1.4760889082515765
23.709,hover,2,3,1.4759446001890113
23.743,hover,2,3,1.4757802371366173
23.777,hover,2,3,1.4756099646314544
23.811,hover,2,3,1.475426853662269
23.846,hover,2,3,1.4752487557772198
23.88,hover,2,3,1.4750849378201174
23.914,hover,2,3,1.474933869956657
23.948,hover,2,3,1.4747993594695055
23.982,hover,2,3,1.4746850777446174
24.016,hover,2,3,1.4745920782752162
24.05,hover,2,3,1.474517836396904
24.085,hover,2,3,1.4744561095534714
24.12,hover,2,3,1.4744089840357397
24.154,hover,2,3,1.4743759716277678
24.188,hover,2,3,1.4743610165362064
24.222,hover,2,3,1.4743635945202889
24.256,hover,2,3,1.474381140442464
24.29,hover,2,3,1.474408981013793
24.324,hover,2,3,1.474442388401908
24.358,hover,2,3,1.4744799288910744
24.392,hover,2,3,1.4745252651259844
24.426,hover,2,3,1.4745853215924938
24.46,hover,2,3,1.4746680846993128
24.494,hover,2,3,1.474778578129592
24.528,hover,2,3,1.4749169323025741
24.562,hover,2,3,1.4750816365845105
24.596,hover,2,3,1.4752711412684962
24.63,hover,2,3,1.475482139255369
24.664,hover,2,3,1.475707963765655
24.698,hover,2,3,1.4759394710066274
24.732,hover,2,3,1.4761698690635279
24.766,hover,2,3,1.4763955490049616
24.8,hover,2,3,1.4766149332385476
24.834,hover,2,3,1.4768262972749664
24.868,hover,2,3,1.4770273142723003
24.903,hover,2,3,1.4772191169495104
24.937,hover,2,3,1.4773856523930606
24.971,hover,2,3,1.477527242964129
25.005,hover,2,3,1.477640185396916
25.039,hover,2,3,1.4777210772655742
25.073,hover,2,3,1.4777682152379445
25.107,hover,2,3,1.477786802744683
25.142,hover,2,3,1.4777891816734097
25.176,hover,2,3,1.4777911009208968
25.21,hover,2,3,1.4778047679722655
25.244,hover,2,3,1.4778360350681659
25.278,hover,2,3,1.4778872302899924
25.312,hover,2,3,1.4779607874738097
25.347,hover,2,3,1.4780644793678757
25.381,hover,2,3,1.4781937837194326
25.416,hover,2,3,1.4783525064111132
25.45,hover,2,3,1.4785227356086519
25.484,hover,2,3,1.4787007986120617
25.518,hover,2,3,1.4788813818315658
25.552,hover,1,2,1.4787384600677336
25.586,hover,1,2,1.4785832397096064
25.62,hover,1,2,1.4784230250440973
25.654,hover,1,2,1.4782597461659004
25.688,hover,1,2,1.478096330469614
25.722,hover,1,2,1.4779373825059599
25.756,hover,1,2,1.4777862037686849
25.79,hover,1,2,1.477646384152859
25.824,hover,1,2,1.4775207511053545
25.858,hover,1,2,1.477411596080026
25.892,hover,1,2,1.47731933006789
25.926,hover,1,2,1.4772414618333207
25.96,hover,1,2,1.4771759647206644
25.994,hover,1,2,1.47712206660433
26.028,hover,1,2,1.477079231294562
26.062,hover,1,2,1.4770463921233237
26.096,hover,1,2,1.4770226434053868
26.13,hover,1,2,1.4770069819881635
26.164,hover,1,2,1.4770002463584213
26.198,hover,1,2,1.4770042672288533
26.232,hover,1,2,1.4770228833404062
26.266,hover,1,2,1.4770594619969715
26.3,hover,1,2,1.4771160233747291
26.335,hover,1,2,1.477188780542141
26.369,hover,1,2,1.4772758057467854
26.403,hover,1,2,1.477372484050266
26.437,hover,1,2,1.4774630645019122
26.471,hover,1,2,1.4775490830845055
26.505,hover,2,3,1.4773620077147462
26.54,hover,2,3,1.4770411162409647
26.574,hover,2,3,1.4767261351941536
26.608,hover,2,3,1.4764060463582835
26.642,hover,2,3,1.4760786506162078
26.676,hover,2,3,1.47574130910678
26.71,hover,2,3,1.4753928531915494
26.744,hover,2,3,1.4750343149249026
26.778,hover,2,3,1.474668573365343
26.813,hover,2,3,1.474291771028235
26.847,hover,2,3,1.4739348204393146
26.881,hover,2,3,1.4735984853297155
26.915,hover,2,3,1.4732936332129931
26.949,hover,2,3,1.4730275043990246
26.983,hover,2,3,1.472804023963167
27.017,hover,2,3,1.4726217686466416
27.051,hover,2,3,1.4724744206531282
27.085,hover,2,3,1.4723507143207097
27.119,hover,2,3,1.4722358775401991
27.153,hover,2,3,1.4721286226956356
27.187,hover,2,3,1.4720094062675875
27.221,hover,2,3,1.4718704898497446
27.255,hover,2,3,1.4717014871548877
27.289,hover,2,3,1.471495042583475
27.323,hover,2,3,1.4712508845084227
27.357,hover,2,3,1.470976234230078
27.391,hover,2,3,1.470682807169551
27.425,hover,2,3,1.470377418396689
27.46,hover,2,3,1.4700937514985817
27.494,hover,2,3,1.4698350781817922
27.528,hover,2,3,1.4696116096387164
27.562,hover,2,3,1.4694013051135966
27.596,hover,2,3,1.4692125163277312
27.63,hover,2,3,1.469024056276541
27.664,hover,2,3,1.4688207356869105
27.698,hover,2,3,1.4685915378740453
27.732,hover,2,3,1.4683290947582406
27.767,hover,2,3,1.468019717036877
27.802,hover,2,3,1.467670442629689
27.836,hover,2,3,1.4672964600066445
27.87,hover,2,3,1.4668955456813977
27.904,hover,2,3,1.4664777841315717
27.938,hover,2,3,1.4660537103183706
27.972,hover,2,3,1.4656325171255642
28.006,hover,2,3,1.4652217127748555
28.04,hover,2,3,1.4648169708486005
28.074,hover,2,3,1.4644583610758108
28.108,hover,2,3,1.4641167354905384
28.142,hover,2,3,1.4637927579568848
28.176,hover,2,3,1.4635062093825801
28.21,hover,2,3,1.4632238908268267
28.244,hover,2,3,1.462954656173507
28.278,hover,2,3,1.4627004273246733
28.312,hover,2,3,1.4624585641800185
28.346,hover,2,3,1.4622247140492437
28.38,hover,2,3,1.461989873076985
28.414,hover,2,3,1.4617745209350161
28.448,hover,2,3,1.4615587658270068
28.482,hover,2,3,1.4613497680953018
28.516,hover,2,3,1.461149114980404
28.55,hover,2,3,1.4609597404358776
28.585,hover,2,3,1.4607754475369839
28.619,hover,2,3,1.4606259717075298
28.653,hover,2,3,1.4604979189230836
28.687,hover,2,3,1.4604003950496935
28.721,hover,2,3,1.4603334019261769
28.756,hover,2,3,1.460289391782588
28.79,hover,2,3,1.4602617298932798
28.824,hover,2,3,1.460238598880629
28.858,hover,2,3,1.4602148106166168
28.892,hover,2,3,1.4601881007289885
28.926,hover,2,3,1.460158689845134
28.96,hover,2,3,1.460128020655036
28.995,hover,2,3,1.4600978280263062
29.029,hover,2,3,1.4600717174344298
29.063,hover,2,3,1.4600475667861688
29.097,hover,2,3,1.460024483408203
29.131,hover,2,3,1.4600046432497422
29.165,hover,2,3,1.4599923709626
29.199,hover,2,3,1.4599903252058641
29.233,hover,2,3,1.4600012812482344
29.267,hover,2,3,1.4600295090104343
29.301,hover,2,3,1.4600796794074806
29.335,hover,2,3,1.4601535148042946
29.369,hover,2,3,1.4602466794229154
29.403,hover,2,3,1.460349714294559
29.444,hover,2,3,1.4604508608466247
29.478,hover,2,3,1.4605558036554502
29.513,hover,2,3,1.4606229562329438
29.547,hover,2,3,1.4606649059326688
29.581,hover,2,3,1.4606834091640164
29.615,hover,2,3,1.4606814411515716
29.649,hover,2,3,1.4606656822800388
29.683,hover,2,3,1.4606405232100192
29.717,hover,2,3,1.4606094912543088
29.751,hover,2,3,1.460572826460681
29.785,hover,2,3,1.4605282454144883
29.819,hover,2,3,1.4604744131252878
29.853,hover,2,3,1.4604146538105267
29.887,hover,2,3,1.4603593709136544
29.921,hover,2,3,1.4603242715652671
29.955,hover,2,3,1.4603245050658602
29.99,hover,2,3,1.460371324450804
30.025,hover,2,3,1.4604670439094778
30.059,hover,2,3,1.4606020881640809
30.093,hover,2,3,1.4607707449358058
30.127,hover,2,3,1.4609639703609312
30.162,hover,2,3,1.4611737905888265
30.196,hover,2,3,1.4613978093331497
30.23,hover,2,3,1.4616155299913502
30.264,hover,2,3,1.4618271485063192
30.298,hover,2,3,1.462028637418685
30.332,hover,2,3,1.4622158600380495
30.366,hover,2,3,1.4623836474777268
30.4,hover,2,3,1.4625283627722947
30.434,hover,2,3,1.462651873168856
30.468,hover,2,3,1.4627624976568343
30.502,hover,2,3,1.4628707375665118
30.536,hover,2,3,1.4629851304597488
30.57,hover,2,3,1.4631108783445734
30.604,hover,2,3,1.4632506194004056
30.638,hover,2,3,1.4634027726212437
30.672,hover,2,3,1.463566237898735
30.706,hover,2,3,1.4637409153382308
30.74,hover,2,3,1.4639270270917983
30.774,hover,2,3,1.464126818920727
30.808,hover,2,3,1.4643163450534549
30.842,hover,2,3,1.464507572035277
30.876,hover,2,3,1.4646929468864547
30.911,hover,2,3,1.4648800726071407
30.945,hover,2,3,1.4650654613171548
30.979,hover,2,3,1.4652635208593303
31.014,hover,2,3,1.4654890827426066
31.048,hover,2,3,1.4657354028596934
31.082,hover,2,3,1.4660119243701284
31.116,hover,2,3,1.4663192974527897
31.15,hover,2,3,1.4666531401772671
31.184,hover,2,3,1.4670056841602366
31.218,hover,2,3,1.467368920798675
31.252,hover,2,3,1.4677330942958215
31.286,hover,2,3,1.4680860750682505
31.321,hover,2,3,1.468423636019754
31.355,hover,2,3,1.4687171009684208
31.389,hover,2,3,1.4689733467369723
31.423,hover,2,3,1.4692026677050556
31.458,hover,2,3,1.4693715956073
31.492,hover,2,3,1.4695026207532857
31.526,hover,2,3,1.4695939628527959
31.56,hover,2,3,1.4696550640577415
31.594,hover,2,3,1.4696978130659109
31.628,hover,2,3,1.469732959636784
31.662,hover,2,3,1.4697665612722313
31.696,hover,2,3,1.4697940479014562
31.73,hover,2,3,1.4698138386626753
31.764,hover,2,3,1.4698240482272398
31.798000000000002,hover,2,3,1.46982608051897
31.832,hover,2,3,1.4698190783450775
31.866,hover,2,3,1.4697994960669871
31.9,hover,2,3,1.4697608542763452
31.934,hover,2,3,1.4696996659435888
31.968,hover,2,3,1.4696010151724312
32.003,hover,2,3,1.4694491857579863
32.037,hover,2,3,1.4692448151483477
32.071,hover,2,3,1.4689799196934834
32.105,hover,2,3,1.4686512257623427
32.139,hover,2,3,1.4682524605642702
32.173,land,2,3,1.4677784715236357
32.207,land,2,3,1.4672295039512908
32.241,land,2,3,1.4666137805975088
32.275,land,2,3,1.465943976345852
32.309,land,2,3,1.4652344712649452
32.346,land,2,3,1.4645879731495621
32.381,land,2,3,1.4636693533473173
32.416,land,2,3,1.4629059630793089
32.45,land,2,3,1.4621795113740381
32.484,land,2,3,1.4614824585076223
32.518,land,2,3,1.4608284451312086
32.552,land,2,3,1.4602270142080218
32.586,land,2,3,1.4596824091537166
32.62,land,2,3,1.4591931250026033
32.654,land,2,3,1.458753828234524
32.688,land,2,3,1.458358797044777
32.722,land,2,3,1.4580050585825495
32.756,land,2,3,1.4576897081981866
32.79,land,2,3,1.457408115373303
32.824,land,2,3,1.4571555285161388
32.858,land,2,3,1.4569302319883164
32.892,land,2,3,1.4567348250147436
32.926,land,2,3,1.4565758898057248
32.961,land,2,3,1.4564547737319404
32.995,land,2,3,1.4563804161089682
33.029,land,2,3,1.4563458761296748
33.063,land,2,3,1.456344198145598
33.097,land,2,3,1.4563684914643893
33.131,land,2,3,1.4564127081818172
33.165,land,2,3,1.4564716045498636
33.2,land,2,3,1.4565449066600367
33.234,land,2,3,1.4566289249341702
33.268,land,2,3,1.4567288337709234
33.303,land,2,3,1.4568264480315474
33.338,land,2,3,1.4570011388355952
33.372,land,2,3,1.4571953239198918
33.406,land,2,3,1.4574175779122522
33.44,land,2,3,1.4577003379817632
33.474,land,2,3,1.4580465346612916
33.508,land,2,3,1.4584491716445627
33.542,land,2,3,1.4589495315124474
33.576,land,2,3,1.4595012060143735
33.61,land,2,3,1.46010676485453
33.646,land,2,3,1.46079462294144
33.68,land,2,3,1.4614814982041908
33.714,land,2,3,1.4621992965800985
33.749,land,2,3,1.462962844644119
33.783,land,2,3,1.4637180970896615
33.817,land,2,3,1.4644788169824243
33.851,land,2,3,1.4652389425377574
33.885,land,2,3,1.465990590646302
33.919,land,2,3,1.4667199090864886
33.953,land,2,3,1.4674120644104331
33.987,land,2,3,1.468055008466762
34.021,land,2,3,1.4686412440687702
34.055,land,2,3,1.4691669560039546
34.089,land,2,3,1.4696324133089802
34.123,land,2,3,1.4700422763808223
34.157,land,2,3,1.4704045445768983
34.191,land,2,3,1.4707292057690369
34.226,land,2,3,1.4710343958870615
34.26,land,2,3,1.4713102830870435
34.294,land,2,3,1.4715672561969417
34.328,land,2,3,1.4718017224180886
34.362,land,2,3,1.472013593991861
34.396,land,2,3,1.472181095564564
34.43,land,2,3,1.4723186937010695
34.464,land,2,3,1.472417695745941
34.498,land,2,3,1.4724743874805368
34.532,land,2,3,1.472488470417308
34.566,land,2,3,1.472463841947576
34.6,land,2,3,1.4724064665938805
34.634,land,2,3,1.472322497591859
34.668,land,2,3,1.4722169634299387
34.702,land,2,3,1.4720935806510038
34.736,land,2,3,1.4719514153258384
34.77,land,2,3,1.4717894421966826
34.804,land,2,3,1.471607023385273
34.838,land,2,3,1.4714048241329245
34.873,land,2,3,1.4711903476972368
34.907,land,2,3,1.4709366894866132
34.941,land,2,3,1.4706783081405723
34.975,land,2,3,1.4704014308548725
35.009,land,2,3,1.4701053853948174
35.043,land,2,3,1.4697898606521822
35.077,land,2,3,1.469455915487528
35.111,land,2,3,1.4691066853979684
35.145,land,2,3,1.4687468058848594
35.179,land,2,3,1.4683828395468796
35.213,land,2,3,1.4680216959642864
35.247,land,2,3,1.4676671183836605
35.281,land,2,3,1.4673187681508626
35.316,land,2,3,1.466963677198483
35.35,land,2,3,1.4666198213038935
35.384,land,2,3,1.4662874169419235
35.418,land,2,3,1.4659412800464373
35.452,land,2,3,1.4656189708116378
35.486,land,2,3,1.4653167074909177
35.52,land,2,3,1.4650388192206543
35.554,land,2,3,1.4647885962795522
35.588,land,2,3,1.4645677879015082
35.622,land,2,3,1.4643769948409053
35.656,land,2,3,1.464212221276083
35.69,land,2,3,1.4640660110066355
35.724,land,2,3,1.4639282637691726
35.758,land,2,3,1.463791506632313
35.792,land,2,3,1.4636501933837325
35.826,land,2,3,1.4635003116177905
35.86,land,2,3,1.4633449120407787
35.903,land,2,3,1.4631648446016463
35.937,land,2,3,1.4629464469571254
35.971,land,2,3,1.462767861827736
36.005,land,2,3,1.4625934612022835
36.039,land,2,3,1.4624281327293387
36.073,land,2,3,1.4622754627868686
36.107,land,2,3,1.4621369123800312
36.141,land,2,3,1.4620129553726908
36.176,land,2,3,1.4619006462084216
36.21,land,2,3,1.4618064682571918
36.244,land,2,3,1.461729897853254
36.278,land,2,3,1.4616747380815431
36.312,land,2,3,1.461643203769389
36.346,land,2,3,1.4616341842283054
36.38,land,2,3,1.4616435367090344
36.414,land,2,3,1.4616643457961163
36.448,land,2,3,1.461686926769567
36.482,land,2,3,1.4617018333348522
36.516,land,2,3,1.4617014185799977
36.55,land,2,3,1.4616831456723243
36.584,land,2,3,1.461650544507508
36.618,land,2,3,1.4616113621690432
36.652,land,2,3,1.461571600211849
36.686,land,2,3,1.4615344161124386
36.721,land,2,3,1.4615006171148812
36.755,land,2,3,1.4614758986037129
36.789,land,2,3,1.461454928541059
36.823,land,2,3,1.4614338854322244
36.857,land,2,3,1.4614081090136508
36.891,land,2,3,1.4613732103450805
36.925,land,2,3,1.4613264277395894
36.959,land,2,3,1.4612655796646261
36.993,land,2,3,1.4611881956576043
37.027,land,2,3,1.4610884777844737
37.061,land,2,3,1.4611322714869608
37.095,land,2,3,1.4611421409747736
37.129,land,2,3,1.461288265043813
37.163,land,2,3,1.4615712060732493
37.197,land,2,3,1.4619644212485996
37.231,land,2,3,1.4621391988522636
37.265,land,2,3,1.462461711646973
37.299,land,2,3,1.4626997810690727
37.333,land,2,3,1.4628554700770005
37.367,land,2,3,1.4629326154042157
37.401,land,2,3,1.4629403566824997
37.435,land,2,3,1.4628920757689037
37.469,land,2,3,1.462803765658135
37.504,land,2,3,1.4626889507991498
37.538,land,2,3,1.4625733614892316
37.572,land,2,3,1.4624714527969178
37.606,land,2,3,1.4623992522549034
37.64,land,2,3,1.4623714931254008
37.674,land,2,3,1.4624005938553153
37.708,land,2,3,1.4624931966254486
37.742,land,2,3,1.4626500193216627
37.776,land,2,3,1.462868577435788
37.81,land,2,3,1.463144613834382
37.845,land,2,3,1.4634813001295748
37.879,land,2,3,1.4638497041981866
37.913,land,2,3,1.464250039775878
37.947,land,2,3,1.4645696905632444
37.981,land,2,3,1.4648276538893328
38.015,land,2,3,1.4645376256778493
38.049,land,2,3,1.4641819156323437
38.083,land,2,3,1.4638104754564976
38.117,land,2,3,1.4635381882844423
38.151,land,2,3,1.4635426996890017
38.185,land,2,3,1.463542699675186
38.219,land,2,3,1.4635426996510046
38.253,land,2,3,1.4635426996359795
38.287,land,2,3,1.463542699622642
38.321,land,2,3,1.4635426996033707
38.355,land,2,3,1.463542699577311
38.389,land,2,3,1.463542699557596
38.423,land,2,3,1.4635426995104683
38.457,land,2,3,1.4635426994988214
38.491,land,2,3,1.4635426994401954
38.525,land,2,3,1.4635426994240683
38.559,land,2,3,1.4635426993729614
38.593,land,2,3,1.463542699346723
38.627,land,2,3,1.4635426993013005
38.661,land,2,3,1.463542699272062
38.695,land,2,3,1.463542699217554
38.729,land,2,3,1.4635426991889937
38.764,land,2,3,1.4635426991438318
38.798,land,2,3,1.463542699097776
38.832,land,2,3,1.4635426990702358
38.866,land,2,3,1.4635426990179208
38.9,land,2,3,1.4635426989833373
38.934,land,2,3,1.4635426989326978
38.968,land,2,3,1.4635426989103495
39.002,land,2,3,1.4635426988466003
39.037,land,2,3,1.463542698827697
39.071,land,2,3,1.4635426988100333
39.105,land,2,3,1.4635426987890898
39.139,land,2,3,1.4635426987708984
39.173,land,2,3,1.463542698749001
39.207,land,2,3,1.4635426987298694
39.241,land,2,3,1.463542698714099
39.275,land,2,3,1.4635426986852045
39.309,land,2,3,1.4635426986682174
39.343,land,2,3,1.4635426986485534
39.377,land,2,3,1.4635426986185733
39.411,land,2,3,1.463542698603772
39.445,land,2,3,1.4635426985798259
39.479,land,2,3,1.4635426985522793
39.513,land,2,3,1.4635426985367703
39.547,land,2,3,1.463542698509989
39.581,land,2,3,1.4635426984840518
39.616,land,2,3,1.4635426984661102
39.65,land,2,3,1.4635426984373792
39.684,land,2,3,1.4635426984120306
39.718,land,2,3,1.46354269839424
39.752,land,2,3,1.463542698363481
39.786,land,2,3,1.4635426983389555
39.82,land,2,3,1.4635426983202995
39.854,land,2,3,1.4635426982594235
39.888,land,2,3,1.4635426982345203
39.922,land,2,3,1.4635426982129491
39.956,land,2,3,1.4635426981445012
39.99,land,2,3,1.463542698117628
40.024,land,2,3,1.4635426980882573
40.058,land,2,3,1.4635426980009694
40.092,land,2,3,1.4635426979687798
40.126,land,2,3,1.4635426979180248
40.16,land,2,3,1.4635426978161055
40.194,land,2,3,1.4635426977722237
40.228,land,2,3,1.4635426976790786
40.262,land,2,3,1.4635426975710792
40.296,land,2,3,1.4635426975113706
40.33,land,2,3,1.4635426973915189
40.365,land,2,3,1.4635426972831733
40.399,land,2,3,1.4635426972063212
40.433,land,2,3,1.463542697079411
40.467,land,2,3,1.463542696966721
40.501,land,2,3,1.4635426968656582
40.535,land,2,3,1.4635426967403153
40.569,land,2,3,1.4635426966176488
40.603,land,2,3,1.463542696513968
40.637,land,2,3,1.4635426963925502
40.671,land,2,3,1.463542696248972
40.705,land,2,3,1.4635426961467497
40.739,land,2,3,1.4635426960252917
40.773,land,2,3,1.4635426958881979
40.807,land,2,3,1.4635426957814088
40.841,land,2,3,1.4635426956574218
40.875,land,2,3,1.4635426955376758
40.91,land,2,3,1.463542695401925
40.944,land,2,3,1.463542695275026
40.978,land,2,3,1.4635426951258335
41.012,land,2,3,1.4635426950521877
41.047,land,2,3,1.4635426948771924
41.081,land,2,3,1.4635426947299426
41.116,land,2,3,1.4635426946581769
41.15,land,2,3,1.4635426945386483
41.184,land,2,3,1.4635426943375163
41.218,land,2,3,1.4635426942597072
41.252,land,2,3,1.4635426941772514
41.286,land,2,3,1.4635426939874148
41.321,land,2,3,1.4635426938512173
41.355,land,2,3,1.4635426937685558
41.389,land,2,3,1.4635426936790947
41.423,land,2,3,1.4635426934843714
41.457,land,2,3,1.4635426933658764
41.491,land,2,3,1.4635426933048103
41.525,land,2,3,1.463542693209025
41.559,land,2,3,1.463542693080755
41.593,land,2,3,1.4635426929249473
41.627,land,2,3,1.4635426928842694
41.661,land,2,3,1.4635426927921988
41.695,land,2,3,1.4635426926886377
41.729,land,2,3,1.4635426926003436
41.763,land,2,3,1.4635426925136774
41.797,land,2,3,1.4635426924675834
41.831,land,2,3,1.46354269235602
41.865,land,2,3,1.4635426922994759
41.899,land,2,3,1.4635426922180466
41.933,land,2,3,1.4635426921404981
41.967,land,2,3,1.4635426920739012
42.001,land,2,3,1.4635426919966663
42.035,land,2,3,1.463542691936846
42.069,land,2,3,1.4635426919114831
42.103,land,2,3,1.46354269186238
42.137,land,2,3,1.4635426917895586
42.171,land,2,3,1.4635426917421157
42.205,land,2,3,1.46354269161543
42.239,land,2,3,1.4635426914718577
42.273,land,2,3,1.4635426913227505
42.307,land,2,3,1.4635426911379723
42.341,land,2,3,1.4635426910128744
42.375,land,2,3,1.4635426908425528
42.409,land,2,3,1.4635426906800604
42.443,land,2,3,1.4635426905431954
42.477,land,2,3,1.4635426904161235
42.511,land,2,3,1.4635426903524522
42.545,land,2,3,1.4635426903019306
42.579,land,2,3,1.463542690066349
42.613,land,2,3,1.4635426897173207
42.647,land,2,3,1.4635426895555004
42.681,land,2,3,1.463542689535228
42.716,land,2,3,1.463542689493178
42.75,land,2,3,1.4635426893107504
42.784,land,2,3,1.4635426890840433
42.818,land,2,3,1.463542689037092
42.852,land,2,3,1.4635426888930876
42.886,land,2,3,1.463542688608633
42.92,land,2,3,1.463542688368946
42.954,land,2,3,1.463542688143774
42.988,land,2,3,1.4635426880091362
43.022,land,2,3,1.4635426879186566
43.056,land,2,3,1.4635426878378477
43.09,land,2,3,1.463542687759103
43.124,land,2,3,1.4635426876808482
43.158,land,2,3,1.4635426876026498
43.192,land,2,3,1.463542687524513
43.226,land,2,3,1.4635426874463764
43.26,land,2,3,1.463542687368191
43.295,land,2,3,1.4635426872876587
43.329,land,2,3,1.463542687209415
43.363,land,2,3,1.4635426871311183
43.403,land,2,3,1.4635426870550785
43.437,land,2,3,1.4635426869605883
43.471,land,2,3,1.463542686882174
43.505,land,2,3,1.463542686803717
43.539,land,2,3,1.4635426867252463
43.573,land,2,3,1.4635426866467223
43.607,land,2,3,1.4635426865681525
43.641,land,2,3,1.463542686489572
43.675,land,2,3,1.4635426864109364
43.71,land,2,3,1.4635426863299374
43.746,land,2,3,1.4635426862466505
