time,x,y,z,x_ref,y_ref,z_ref,roll,pitch,yaw,u1,u2,u3,u4
0.0,0.0,0.0,0.0,0.0,0.0,0.0,-0.0,-0.0,-0.0,0.0,0.0,0.0,0.0
0.01,6.453770117601989e-16,1.1377268937495938e-16,1.5554979805363123e-06,0.0,0.0,0.0013333333333333335,4.951736747386951e-15,-2.727183052090569e-14,-1.4360163597381014e-15,0.07328937952370788,-0.07328937952333325,0.07328937952564302,-0.07328937952603795
0.02,1.836640492892046e-15,6.164048012439812e-16,3.1062583404622177e-06,0.0,0.0,0.002666666666666667,2.6385923418482923e-14,-6.988038266581164e-14,-5.662958032053469e-13,0.13930380443069415,-0.13930380443255616,0.1393038044339561,-0.13930380444010146
0.03,2.964744384985115e-15,1.2315776447245667e-15,4.649834906293041e-06,0.0,0.0,0.004,5.842463735982393e-14,-1.0806596438253209e-13,-1.2114558956127223e-12,0.19890762473274365,-0.1989076247367957,0.1989076247356579,-0.19890762474873577
0.04,4.230172399357418e-15,1.6524993706409604e-15,6.186305233810758e-06,0.0,0.0,0.005333333333333334,7.573167245013948e-14,-1.5613524152050042e-13,-1.606933697493037e-12,0.2528634985923387,-0.2528634985986748,0.2528634985973281,-0.2528634986137141
0.05,5.478270444331696e-15,2.469180934204937e-15,7.71573472425464e-06,0.0,0.0,0.006666666666666667,1.1933635005240635e-13,-1.9748358398810084e-13,-2.366271068020742e-12,0.3018444701112441,-0.3018444701202956,0.3018444701151545,-0.30184447013956206
0.06,6.799581100635052e-15,3.062723025539999e-15,9.238179356713387e-06,0.0,0.0,0.008,1.5036088710656473e-13,-2.4328052292609735e-13,-2.6463235740882778e-12,0.3464450525509386,-0.3464450525608203,0.34644505255539876,-0.34644505258293606
0.07,8.33478878748657e-15,3.9549743800978555e-15,1.0753688419411932e-05,0.0,0.0,0.009333333333333334,1.9642603920285768e-13,-2.9708255928739e-13,-2.4896319620308348e-12,0.38719455553993826,-0.3871945555463429,0.3871945555442467,-0.38719455557304544
0.08,1.0472903940325247e-14,5.43579046196314e-15,1.2262304742657492e-05,0.0,0.0,0.010666666666666668,2.646424320745873e-13,-3.779067289003403e-13,-2.3894200598981375e-12,0.42454856097837196,-0.4245485609803065,0.4245485609830994,-0.42454856101495136
0.09,1.53622814784662e-14,1.007699278155789e-14,1.376406968497338e-05,0.0,0.0,0.011999999999999999,4.70820972196337e-13,-5.818039908831897e-13,-2.7161190227082503e-12,0.4589323268690786,-0.45893232685854174,0.45893232687290014,-0.458932326921843
0.1,2.1670133695254644e-14,1.6316652409851535e-14,1.5259016611340945e-05,0.0,0.0,0.013333333333333334,7.472647236726702e-13,-8.481478986915392e-13,-3.170728513770133e-12,0.490671271025255,-0.49067127100014524,0.4906712710277545,-0.4906712710976984
0.11,2.842743352659395e-14,2.2908742033297443e-14,1.6747181056408958e-05,0.0,0.0,0.014666666666666668,1.037687556229384e-12,-1.135388492516478e-12,-3.676563905243648e-12,0.5200934457143132,-0.5200934456771814,0.5200934457163776,-0.5200934458054961
0.12,3.5098727306480646e-14,2.9151878158830407e-14,1.8228597332847806e-05,0.0,0.0,0.016,1.3111415118093697e-12,-1.4167630179371014e-12,-4.107176510458462e-12,0.5474889578161545,-0.5474889577707454,0.5474889578188467,-0.5474889579223312
0.13,4.171662895699915e-14,3.504702419021483e-14,1.970329835904291e-05,0.0,0.0,0.017333333333333333,1.5675569356431803e-12,-1.692280721407792e-12,-4.426745609535122e-12,0.5731086527711933,-0.5731086527198044,0.5731086527753402,-0.5731086528893234
0.14,4.8755873301213325e-14,4.112522200066424e-14,2.1171316417289483e-05,0.0,0.0,0.018666666666666668,1.829603586075592e-12,-1.9842509193841548e-12,-4.713543884670473e-12,0.5971699103021937,-0.5971699102450191,0.5971699103084146,-0.5971699104322389
0.15,5.6724448277679093e-14,4.8120206339083254e-14,2.2632683588177908e-05,0.0,0.0,0.02,2.1296724818754768e-12,-2.31526537300348e-12,-5.065251442344215e-12,0.619865180536173,-0.6198651804711779,0.6198651805442075,-0.6198651806808253
0.16,6.618862021045247e-14,5.663170540604323e-14,2.4087431749915105e-05,0.0,0.0,0.021333333333333336,2.495872130952428e-12,-2.7133425441568463e-12,-5.856428033384556e-12,0.6413614308181145,-0.6413614307438598,0.6413614308276727,-0.6413614309847371
0.17,7.749710525453611e-14,6.606495810159232e-14,2.5535592923403892e-05,0.0,0.0,0.02266666666666667,2.9083887259159967e-12,-3.2057323330189377e-12,-8.246445969948855e-12,0.6618065292897054,-0.6618065292153154,0.6618065293042891,-0.6618065294952836
0.18,9.080853076708873e-14,7.729726000788041e-14,2.6977199457425957e-05,0.0,0.0,0.023999999999999997,3.39785915016557e-12,-3.783886251568883e-12,-1.0726461983642643e-11,0.6813341179510755,-0.6813341178732153,0.6813341179707293,-0.6813341182002619
0.19,1.0608998423020223e-13,9.084092895206504e-14,2.84122840557638e-05,0.0,0.0,0.025333333333333333,3.977582984309063e-12,-4.429102103645612e-12,-1.1552371341354897e-11,0.7000640554499675,-0.7000640553526807,0.7000640554718918,-0.7000640557325288
0.2,1.2368453225388417e-13,1.0659505087805017e-13,2.984087948194734e-05,0.0,0.0,0.02666666666666667,4.644817897987011e-12,-5.161243876902152e-12,-1.1175298500716134e-11,0.71809891995306,-0.7180989198244397,0.7180989199768916,-0.7180989202635307
0.21,1.4386502005938826e-13,1.249547568915178e-13,3.126301888531503e-05,0.0,0.0,0.028,5.413046612346527e-12,-5.9861772399875606e-12,-8.981487140902595e-12,0.7355313408248392,-0.7355313406479891,0.7355313408497828,-0.7355313411536313
0.22,1.672185079797317e-13,1.4622936780190853e-13,3.267873552592248e-05,0.0,0.0,0.029333333333333336,6.29757185611092e-12,-6.933666277761725e-12,-5.4152436853568e-12,0.7524409608246323,-0.752440960584789,0.7524409608511329,-0.7524409611675478
0.23,1.9427321469055213e-13,1.7055638878599831e-13,3.408806293437179e-05,0.0,0.0,0.030666666666666672,7.310084912798007e-12,-8.037011063026001e-12,-1.727676248385192e-12,0.7688985455588491,-0.768898545249764,0.7688985455890632,-0.7688985459225778
0.24,2.2580338956256591e-13,1.9808284289299484e-13,3.5491034803506414e-05,0.0,0.0,0.032,8.467714090844177e-12,-9.348680967192899e-12,-1.2704132074315236e-13,0.7849656377772032,-0.7849656374074254,0.7849656378157923,-0.7849656381873664
0.25,2.624537846339822e-13,2.300828220000105e-13,3.6887685070919726e-05,0.0,0.0,0.03333333333333333,9.817232915844768e-12,-1.0882487629770542e-11,8.664461987208204e-13,0.8006972802282614,-0.8006972797930579,0.8006972802766931,-0.800697280699645
0.26,3.0497328920361406e-13,2.679006672486821e-13,3.827804784439851e-05,0.0,0.0,0.034666666666666665,1.1411050730501558e-11,-1.2660340062563918e-11,2.2413306437107916e-12,0.8161424537124802,-0.8161424531972189,0.8161424537688869,-0.8161424542524557
0.27,3.5425187718769294e-13,3.122653463737905e-13,3.966215738537319e-05,0.0,0.0,0.036000000000000004,1.3279136016359323e-11,-1.4718841601146232e-11,4.176745265357052e-12,0.8313436901627305,-0.8313436895508624,0.8313436902265288,-0.8313436907793379
0.28,4.111358458356389e-13,3.6464580527177463e-13,4.1040048140768465e-05,0.0,0.0,0.037333333333333336,1.547209358972013e-11,-1.7072372799957283e-11,9.068616997803086e-12,0.8463403855139132,-0.8463403847702187,0.846340385582131,-0.8463403861975953
0.29,4.768527260205089e-13,4.2515789078440046e-13,4.241175459185476e-05,0.0,0.0,0.03866666666666667,1.8005333556796578e-11,-1.979274264268407e-11,1.4764182618626466e-11,0.8611651860460271,-0.861165185150724,0.8611651861199603,-0.8611651868064976
0.3,5.526667517714026e-13,4.938891210907063e-13,4.377731136158826e-05,0.0,0.0,0.04,2.088858394706192e-11,-2.294612674791887e-11,1.999291395665265e-11,0.8758487291035616,-0.8758487280472578,0.875848729189882,-0.8758487299634861
0.31,6.401188544512281e-13,5.724748587434927e-13,4.513675309345526e-05,0.0,0.0,0.04133333333333333,2.418883773016029e-11,-2.6593438114893306e-11,2.525128880345096e-11,0.8904166581104863,-0.8904166568764708,0.8904166582140737,-0.8904166590910357
0.32,7.410121399640076e-13,6.622924319306488e-13,4.6490114460248026e-05,0.0,0.0,0.04266666666666667,2.7968152350599104e-11,-3.0818122407571196e-11,2.979560047764225e-11,0.9048917906844334,-0.9048917892575551,0.9048917908101412,-0.9048917918157094
0.33,8.573848653138651e-13,7.65085036740094e-13,4.783743016898933e-05,0.0,0.0,0.044000000000000004,3.230231971228917e-11,-3.57101291541045e-11,3.3254149013291396e-11,0.9192942741148424,-0.9192942724788532,0.9192942742677951,-0.9192942754335706
0.34,9.91509568949521e-13,8.834984266229276e-13,4.917873495105258e-05,0.0,0.0,0.04533333333333334,3.729793712527946e-11,-4.135491207868368e-11,3.680755812338171e-11,0.9336417878621116,-0.9336417859880337,0.9336417880463226,-0.9336417893999414
0.35000000000000003,1.1460306928208497e-12,1.020887359338908e-12,5.0514063483279714e-05,0.0,0.0,0.046666666666666676,4.3091557047703245e-11,-4.785285406848058e-11,4.168085035899264e-11,0.9479500917662458,-0.9479500896090791,0.947950091981874,-0.9479500935496734
0.36,1.324157324328048e-12,1.1792133504163753e-12,5.1843450486143036e-05,0.0,0.0,0.047999999999999994,4.9776212766967776e-11,-5.5357753568616056e-11,4.592385018570624e-11,0.9622328725378037,-0.9622328700629829,0.962232872789048,-0.9622328746145056
0.37,1.5293736593902273e-12,1.362266417371704e-12,5.316693059786215e-05,0.0,0.0,0.04933333333333333,5.750940396728694e-11,-6.400955733687228e-11,5.0299712039456036e-11,0.9765029142030899,-0.9765029113637312,0.9765029144927432,-0.976502916620864
0.38,1.765646208456426e-12,1.5737327096685979e-12,5.4484538432411614e-05,0.0,0.0,0.050666666666666665,6.644788043644491e-11,-7.397622223326306e-11,5.4821652361880915e-11,0.9907712406946008,-0.9907712374374824,0.9907712410261802,-0.9907712435081204
0.39,2.0373892315308826e-12,1.817615056063732e-12,5.5796308561758134e-05,0.0,0.0,0.052000000000000005,7.676078031654888e-11,-8.544400404352879e-11,5.969968792249614e-11,1.005047026663036,-1.0050470229269448,1.0050470270410476,-1.005047029932986
0.4,2.34959138676815e-12,2.098141110198473e-12,5.7102275473469885e-05,0.0,0.0,0.05333333333333334,8.862974443512051e-11,-9.862815587704545e-11,6.45822805305313e-11,1.019339624159661,-1.0193396198797633,1.01933962459154,-1.0193396279582447
0.41000000000000003,2.70779053848119e-12,2.4202437411752943e-12,5.840247356203119e-05,0.0,0.0,0.054666666666666676,1.0226378324493395e-10,-1.1376496526178045e-10,6.967797024198688e-11,1.0336566581159055,-1.033656653216813,1.0336566586095606,-1.0336566625234067
0.42,3.1179474640928516e-12,2.788987458931155e-12,5.969693719699258e-05,0.0,0.0,0.056,1.1787897082186962e-10,-1.3111080030995346e-10,7.48871179895341e-11,1.048004565477137,-1.0480045598761383,1.048004566042948,-1.0480045705850427
0.43,3.5870494322874287e-12,3.210340216952706e-12,6.098570067120987e-05,0.0,0.0,0.05733333333333333,1.357304029478064e-10,-1.509656732648765e-10,8.007774443411752e-11,1.0623888733247109,-1.0623888669300705,1.0623888739756928,-1.0623888792380336
0.44,4.128174813582657e-12,3.696765413227324e-12,6.22687980826471e-05,0.0,0.0,0.05866666666666667,1.5635284648610896e-10,-1.738774091230592e-10,8.531389897030233e-11,1.0768155133229214,-1.0768155060152018,1.0768155140709827,-1.0768155201723635
0.45,4.750552360965798e-12,4.256321517246931e-12,6.354626357174942e-05,0.0,0.0,0.06,1.800912467081763e-10,-2.0024023821488384e-10,9.048834032771451e-11,1.0912880149753157,-1.0912880066210209,1.0912880158347085,-1.0912880229094986
0.46,5.4662110107408394e-12,4.899911796749598e-12,6.481813115143136e-05,0.0,0.0,0.061333333333333344,2.0741299353542892e-10,-2.305641662819349e-10,9.554587860342297e-11,1.105809621144065,-1.1058096115886333,1.1058096221303813,-1.1058096303347948
0.47000000000000003,6.289413840094936e-12,5.640370092131488e-12,6.608443456459664e-05,0.0,0.0,0.06266666666666666,2.3886698986643577e-10,-2.6546062081156076e-10,1.0052892612065696e-10,1.1203857053336181,-1.1203856944039572,1.120385706465611,-1.1203857159737933
0.48,7.234534685421663e-12,6.490761687251881e-12,6.734520690482236e-05,0.0,0.0,0.064,2.750133779194928e-10,-3.055393385418742e-10,1.0539117102334673e-10,1.13501796239721,-1.1350179498952802,1.1350179636950637,-1.1350179747067628
0.49,8.307213498757196e-12,7.4556870953736e-12,6.860047797253079e-05,0.0,0.0,0.06533333333333334,3.1603782404552204e-10,-3.510606504763694e-10,1.1042056966601277e-10,1.1497073243440399,-1.149707310074172,1.14970732583114,-1.1497073385396614
0.5,9.531087756460248e-12,8.556667140386358e-12,6.985026512149551e-05,0.0,0.0,0.06666666666666667,3.62865706909976e-10,-4.030311934023182e-10,1.1545282320232701e-10,1.164458722677472,-1.164458706402842,1.1644587243807794,-1.1644587390229064
0.51,1.0925522676572975e-11,9.811480426645048e-12,7.109465216152874e-05,0.0,0.0,0.06799999999999999,4.1625870052204647e-10,-4.622797968779166e-10,1.2035244640176706e-10,1.1792737327114702,-1.179273714163294,1.1792737346599167,-1.179273751506309
0.52,1.2520166285089627e-11,1.1246683035988626e-11,7.233364814206718e-05,0.0,0.0,0.06933333333333333,4.773555220504157e-10,-5.300780527481765e-10,1.251410024107139e-10,1.1941549318261375,-1.1941549106880482,1.1941549340547004,-1.1941549534232965
0.53,1.4349369529473089e-11,1.2893198432049418e-11,7.356729262323518e-05,0.0,0.0,0.07066666666666667,5.474834816076807e-10,-6.079005991013494e-10,1.2991971771568754e-10,1.209104093204483,-1.209104069104931,1.2091040957541939,-1.2091041180166813
0.54,1.6427846238625372e-11,1.4764245838947406e-11,7.479560090584366e-05,0.0,0.0,0.07200000000000001,6.272104944634491e-10,-6.963796097973864e-10,1.3470104511070552e-10,1.2241218405134884,-1.2241218130576337,1.2241218434280439,-1.224121868979226
0.55,1.8791718342729427e-11,1.6892233026029315e-11,7.601860784662201e-05,0.0,0.0,0.07333333333333333,7.179295309662069e-10,-7.970677553636265e-10,1.3946490506258488e-10,1.2392095553746676,-1.2392095241110017,1.2392095587044427,-1.2392095879960754
0.56,2.1507518401131904e-11,1.9338151453075233e-11,7.723636785930003e-05,0.0,0.0,0.07466666666666667,8.222634705941241e-10,-9.128288685481765e-10,1.4435166668689747e-10,1.2543690897132076,-1.2543690540813848,1.254369093517004,-1.2543691271076942
0.5700000000000001,2.4619067431220898e-11,2.2142469321272104e-11,7.844891439090478e-05,0.0,0.0,0.07600000000000001,9.419529399090119e-10,-1.0455501385510893e-09,1.4949197005671588e-10,1.2696014961393713,-1.2696014555063633,1.2696015004806573,-1.2696015389998487
0.58,2.8113045573351188e-11,2.5292588740729842e-11,7.965623509250975e-05,0.0,0.0,0.07733333333333334,1.0764572955368314e-09,-1.194658564252961e-09,1.5480650028392858e-10,1.2849063331793018,-1.2849062869355994,1.2849063381210934,-1.2849063821758315
0.59,3.2122543628857374e-11,2.8906873735362826e-11,8.08584049067198e-05,0.0,0.0,0.07866666666666666,1.2308840092020653e-09,-1.3658931154503333e-09,1.6008843547302966e-10,1.300285364259907,-1.3002853115964343,1.300285369894046,-1.300285420293868
0.6,3.665683883922598e-11,3.29935750003518e-11,8.205542905749206e-05,0.0,0.0,0.08,1.405589102869562e-09,-1.5596538333792193e-09,1.6532335888492843e-10,1.3157387123028101,-1.3157386523965797,1.3157387187231475,-1.3157387762917059
0.61,4.1765303741494787e-11,3.7596749658810314e-11,8.324733411376867e-05,0.0,0.0,0.08133333333333333,1.6024744623725279e-09,-1.7780709356721134e-09,1.704536702423811e-10,1.3312669891087536,-1.3312669210619374,1.3312669964191477,-1.3312670620557492
0.62,4.756384679489819e-11,4.282194774437816e-11,8.443416476571538e-05,0.0,0.0,0.08266666666666667,1.8261079378023256e-09,-2.0261631609131937e-09,1.7561855500805716e-10,1.3468710229188205,-1.3468709456463055,1.346871031236773,-1.3468711060260417
0.63,5.411541484859486e-11,4.872577184332841e-11,8.56159512792719e-05,0.0,0.0,0.08399999999999999,2.078935311127575e-09,-2.3066500277270533e-09,1.8080056011451377e-10,1.3625514696907812,-1.362551382009673,1.3625514791445434,-1.3625515642691313
0.64,6.150963380991555e-11,5.5389481492389496e-11,8.679273118648574e-05,0.0,0.0,0.08533333333333334,2.364471341993668e-09,-2.6234092714722553e-09,1.860611381192225e-10,1.378309072168981,-1.378308972753518,1.3783090828990112,-1.3783091796835698
0.65,6.995674301073177e-11,6.300255800783736e-11,8.796453359627196e-05,0.0,0.0,0.08666666666666667,2.6909759988119917e-09,-2.9856057899494407e-09,1.9137291359155912e-10,1.3941434828576975,-1.3941433700636476,1.3941434950439826,-1.394143605132019
0.66,7.95773012074156e-11,7.16737267394133e-11,8.913139020974142e-05,0.0,0.0,0.08800000000000001,3.0631732251995363e-09,-3.398477812523535e-09,1.9673493122739506e-10,1.4100550330355603,-1.4100549050332998,1.4100550468791455,-1.4100551720995742
0.67,9.046065552509502e-11,8.148383684083481e-11,9.029333654338737e-05,0.0,0.0,0.08933333333333333,3.4845624967704633e-09,-3.8658933675067785e-09,2.0218688007022777e-10,1.4260443948646058,-1.4260442496834405,1.426044410579702,-1.4260445529019454
0.68,1.027239940331766e-10,9.253871278118062e-11,9.14504061022095e-05,0.0,0.0,0.09066666666666667,3.959738473220138e-09,-4.392940990849867e-09,2.0774721975427274e-10,1.4421119864350949,-1.442111821922772,1.44211200425542,-1.4421121658301976
0.6900000000000001,1.1653367688852408e-10,1.0498829026264625e-10,9.260262997807443e-05,0.0,0.0,0.092,4.495245919237444e-09,-4.986882342594555e-09,2.1343068934944124e-10,1.4582580902145756,-1.4582579039632066,1.458258110401839,-1.4582582936352981
0.7000000000000001,1.3218883436645641e-10,1.1910161023491631e-10,9.375003274712035e-05,0.0,0.0,0.09333333333333335,5.102895100415832e-09,-5.660846760115674e-09,2.192419819668863e-10,1.4744826224741547,-1.4744824116201949,1.4744826453409674,-1.4744828530948455
0.71,1.4979262199308814e-10,1.3497190887114008e-10,9.489264860299763e-05,0.0,0.0,0.09466666666666666,5.786724162905258e-09,-6.419302621475948e-09,2.2520061909208274e-10,1.490786040007581,-1.4907858015270679,1.4907860658836392,-1.490786301179816
0.72,1.6953583079147727e-10,1.527710382836082e-10,9.603050743862179e-05,0.0,0.0,0.09599999999999999,6.554246769740077e-09,-7.270591290805785e-09,2.3131949135030712e-10,1.5071685578990512,-1.50716828847558,1.5071685871462583,-1.507168853298872
0.73,1.9161899017124278e-10,1.7267958668393084e-10,9.716363866899431e-05,0.0,0.0,0.09733333333333333,7.413362796483967e-09,-8.223484513037615e-09,2.3761075256518076e-10,1.5236303643730769,-1.5236300603831303,1.5236303973872243,-1.5236306980173548
0.74,2.1666146690021336e-10,1.9525667208522013e-10,9.829207431423574e-05,0.0,0.0,0.09866666666666667,8.388779192910285e-09,-9.305354808430154e-09,2.4432134618334363e-10,1.5401711538222411,-1.540170810696111,1.540171191101062,-1.5401715307724881
0.75,2.4527251793395923e-10,2.2105248443448e-10,9.941584805889249e-05,0.0,0.0,0.1,9.504811878148948e-09,-1.054313247021564e-08,2.517124233021117e-10,1.5567906818860733,-1.5567902941226825,1.556790724027286,-1.5567911082314634
0.76,2.7740700555017434e-10,2.5002569373979594e-10,0.0001005349886727132,0.0,0.0,0.10133333333333333,1.0759510105197132e-08,-1.1934682495976758e-08,2.5966858064569494e-10,1.5734894516532376,-1.5734890138189361,1.5734894992483701,-1.5734899334109582
0.77,3.1335171665652735e-10,2.8243494992347783e-10,0.0001016495269787307,0.0,0.0,0.10266666666666667,1.2164242478366933e-08,-1.3492610777161982e-08,2.682603541290521e-10,1.5902675745340764,-1.5902670807561814,1.5902676282224009,-1.5902681182070946
0.78,3.53393438160687e-10,3.185389029078358e-10,0.00010275949379997777,0.0,0.0,0.10400000000000001,1.3730377601971177e-08,-1.5229523205219127e-08,2.7755827980922854e-10,1.6071251619389337,-1.6071246059057307,1.607125222407467,-1.6071257745159961
0.79,3.978718109494561e-10,3.5864377597849994e-10,0.00010386491979742455,0.0,0.0,0.10533333333333333,1.5471428834570532e-08,-1.7160407866706075e-08,2.8757488940003565e-10,1.6240623180092533,-1.6240616928914533,1.6240623860015377,-1.6240630070530289
0.8,4.484189451821474e-10,4.042191317058353e-10,0.0001049658316690287,0.0,0.0,0.10666666666666667,1.7453356465055302e-08,-1.9358506058862698e-08,2.9690429683684283e-10,1.6410789691358876,-1.6410782656660126,1.6410790456667232,-1.6410797449383718
0.81,5.048905535081148e-10,4.5513561417711825e-10,0.00010606226155959732,0.0,0.0,0.10800000000000001,1.967003659553738e-08,-2.1816994615810526e-08,3.0609012073196126e-10,1.6581752860139165,-1.6581744951260338,1.6581753720742287,-1.6581761586339976
0.8200000000000001,5.678461365829591e-10,5.118973403622738e-10,0.00010715423945595918,0.0,0.0,0.10933333333333335,2.2143904243466732e-08,-2.45607709795611e-08,3.149036091452599e-10,1.6753513425479365,-1.675350454331827,1.6753514392217037,-1.6753523229850764
0.8300000000000001,6.378750400095979e-10,5.750352903841111e-10,0.00010824179525343145,0.0,0.0,0.11066666666666668,2.489860550024639e-08,-2.761607774132392e-08,3.230832573193517e-10,1.6926072085380197,-1.692606212194828,1.6926073170072327,-1.692608308782027
0.84,7.155964543382664e-10,6.451073075183231e-10,0.0001093249587558198,0.0,0.0,0.112,2.7958997531231815e-08,-3.101050264150697e-08,3.303348077669558e-10,1.709942949679736,-1.7099418334776217,1.7099430712293553,-1.7099441827605357
0.85,8.017953581933637e-10,7.228209376468338e-10,0.00011040375947043297,0.0,0.0,0.11333333333333333,3.1356789686251975e-08,-3.4779223378678624e-08,3.364515723187763e-10,1.7273586047889056,-1.7273573558130337,1.727358740833489,-1.7273599850519354
0.86,9.014031613699502e-10,8.126307742029159e-10,0.00011147822078266452,0.0,0.0,0.11466666666666667,3.529582881136944e-08,-3.914796437090485e-08,3.450627077021213e-10,1.7448535154984484,-1.7448521133759547,1.7448536682425049,-1.7448550654858117
0.87,1.0125684929709013e-09,9.128626601380169e-10,0.00011254837640834082,0.0,0.0,0.11599999999999999,3.96985632942012e-08,-4.4030927091591756e-08,3.5392483723171146e-10,1.7624281578139396,-1.762426584973269,1.762428329170346,-1.7624298970065189
0.88,1.1361678664352408e-09,1.0243071567161375e-09,0.0001136142558512447,0.0,0.0,0.11733333333333335,4.460057998779818e-08,-4.946756878032796e-08,3.630834003631559e-10,1.7800825526261037,-1.78008079017192,1.7800827446513423,-1.7800845019715272
0.89,1.2730777952019929e-09,1.1477548252012785e-09,0.00011467588861515902,0.0,0.0,0.11866666666666667,5.003746574521302e-08,-5.549734667670047e-08,3.725838381171763e-10,1.7978167208256581,-1.7978147485388412,1.7978169357198162,-1.797818902738298
0.9,1.4241747927101798e-09,1.2839962268574398e-09,0.00011573330420386655,0.0,0.0,0.12,5.60448074195002e-08,-6.215971802029474e-08,3.8247159328364763e-10,1.815630683303329,-1.8156284796409758,1.815630923410099,-1.8156331216643034
0.91,1.5903353723988266e-09,1.4338219229486224e-09,0.00011678653212115014,0.0,0.0,0.12133333333333333,6.265819186371629e-08,-6.949414005069425e-08,3.9279211063967964e-10,1.8335244609498362,-1.8335220030452628,1.8335247287565155,-1.8335271811070084
0.92,1.7724360477069562e-09,1.5980224747388266e-09,0.0001178356018707926,0.0,0.0,0.12266666666666669,6.991320593092011e-08,-7.754007000748034e-08,4.0359083718174196e-10,1.8514980746559,-1.8514953383186386,1.8514983727933914,-1.8515011034238784
0.93,1.9731289897144097e-09,1.7789890637788518e-09,0.00011888054156216779,0.0,0.0,0.12400000000000001,7.792105764609064e-08,-8.642085178561199e-08,4.147868441278469e-10,1.869551542879098,-1.8695484999712404,1.8695518744106363,-1.8695549114534078
0.9400000000000001,2.200417834341374e-09,1.983936810080746e-09,0.00011992137510218941,0.0,0.0,0.12533333333333332,8.702086160437185e-08,-9.651264630767586e-08,4.259183327548206e-10,1.8876848767440155,-1.8876814872730499,1.8876852460353304,-1.8876886294838113
0.9500000000000001,2.4512935037640788e-09,2.2101537099666717e-09,0.00012095813504596228,0.0,0.0,0.12666666666666668,9.708272627035422e-08,-1.0767134544134492e-07,4.373073151164817e-10,1.9058981024657191,-1.905894330856582,1.9058985133943378,-1.9059022788199491
0.96,2.7276829912371505e-09,2.4593772523431378e-09,0.00012199085007233631,0.0,0.0,0.128,1.0818697601457821e-07,-1.1998603380719735e-07,4.489244946689115e-10,1.924191239495473,-1.9241870472971627,1.9241916962533383,-1.924195882103856
0.97,3.031601218904782e-09,2.7334241873217473e-09,0.00012301954879111158,0.0,0.0,0.12933333333333333,1.2041767989660834e-07,-1.3354995001376726e-07,4.6073432430672287e-10,1.9425643071640661,-1.942559652919719,1.942564814271835,-1.942569462001399
0.98,3.365151037800719e-09,3.0341905262191757e-09,0.0001240442597430383,0.0,0.0,0.13066666666666668,1.3386265166503248e-07,-1.4846048665754414e-07,4.726950076064699e-10,1.9610173246817972,-1.9610121637987667,1.9610178870031372,-1.9610230412022598
0.99,3.730523227848271e-09,3.3636515415571864e-09,0.00012506501139981699,0.0,0.0,0.132,1.4861344975746196e-07,-1.648191903229734e-07,4.847585002222683e-10,1.9795503111384791,-1.9795445957584166,1.9795509338943664,-1.979556642419944
1.0,4.129996497860307e-09,3.723861767062625e-09,0.00012608183216409818,0.0,0.0,0.13333333333333333,1.6476537730053136e-07,-1.8273176158245697e-07,4.968705114463956e-10,1.9981632855034346,-1.9981569643723653,1.9981639742864514,-1.9981702883917718
