time,x_ref,y_ref,z_ref,yaw_ref
0.0,0.0,0.0,1.2,0.0
0.02,1.6128368750000005e-06,0.0,1.1999992339024843,0.0
0.04,1.3370272906250003e-05,0.0,1.1999936491203695,0.0
0.06,4.7573331142187496e-05,0.0,1.1999774026677075,0.0
0.08,0.00011755562589976565,0.0,1.1999441610776977,0.0
0.1,0.000236728453439918,0.0,1.1998875539846159,0.0
0.12,0.0004182494987039712,0.0,1.1998013314881155,0.0
0.14,0.0006749098076713901,0.0,1.199679417841356,0.0
0.16,0.0010190971526849869,0.0,1.1995159288524746,0.0
0.18,0.0014627861353147453,0.0,1.1993051765857254,0.0
0.2,0.002017537647360161,0.0,1.199041669617504,0.0
0.22,0.002694501607201056,0.0,1.1987201117365796,0.0
0.24,0.003504420842520369,0.0,1.1983354000998028,0.0
0.26,0.00445763537425713,0.0,1.197882623197228,0.0
0.28,0.0055640868409899975,0.0,1.1973570587505298,0.0
0.3,0.0068333229724714985,0.0,1.196754171588076,0.0
0.32,0.008274502080365027,0.0,1.1960696115118266,0.0
0.34,0.00989639755500276,0.0,1.1952992111613736,0.0
0.36,0.011707402364250967,0.0,1.1944389838769807,0.0
0.38,0.013715533553112839,0.0,1.1934851215622715,0.0
0.4,0.015928436743589496,0.0,1.192433992546795,0.0
0.42,0.01835339063463132,0.0,1.1912821394485502,0.0
0.44,0.02099731150212096,0.0,1.1900262770364927,0.0
0.46,0.023866757698867338,0.0,1.188663290093038,0.0
0.48,0.026967934154603565,0.0,1.1871902312765632,0.0
0.5,0.03030669687598625,0.0,1.1856043189839065,0.0
0.52,0.03388855744659519,0.0,1.1839029352128672,0.0
0.54,0.03771868752693332,0.0,1.1820836234247067,0.0
0.56,0.041801923354426666,0.0,1.1801440864066475,0.0
0.58,0.04614277024342433,0.0,1.1780821841343734,0.0
0.6,0.050745407085198514,0.0,1.1758959316345305,0.0
0.62,0.055613690847944486,0.0,1.1735834968472263,0.0
0.64,0.06075116107678059,0.0,1.171143198488529,0.0
0.66,0.0661610443937482,0.0,1.1685735039129694,0.0
0.68,0.07184625899781188,0.0,1.1658730269760393,0.0
0.7,0.07780941916485917,0.0,1.163040525896692,0.0
0.72,0.08405283974770071,0.0,1.1600749011198423,0.0
0.74,0.09057854067607024,0.0,1.1569751931788665,0.0
0.76,0.0973882514566246,0.0,1.1537405805581034,0.0
0.78,0.10448341567294361,0.0,1.1503703775553518,0.0
0.8,0.11186519548553028,0.0,1.1468640321443733,0.0
0.82,0.11953447613181059,0.0,1.14322112383739,0.0
0.84,0.1274918704261337,0.0,1.1394413615475865,0.0
0.86,0.1357377232597718,0.0,1.1355245814516084,0.0
0.88,0.1442721161009201,0.0,1.131470744852063,0.0
0.9,0.15309487149469705,0.0,1.127279936040019,0.0
0.92,0.16220555756314398,0.0,1.1229523601575067,0.0
0.94,0.1716034925052254,0.0,1.1184883410600177,0.0
0.96,0.18128774909682888,0.0,1.113888319179006,0.0
0.98,0.19125715919076508,0.0,1.1091528493843865,0.0
1.0,0.2015103182167678,0.0,1.1042825988470353,0.0
1.02,0.21204558968149378,0.0,1.0992783449012904,0.0
1.04,0.22286110966852285,0.0,1.0941409729074516,0.0
1.06,0.233954791338358,0.0,1.0888714741142798,0.0
1.08,0.24532432942842536,0.0,1.083470943521498,0.0
1.1,0.256967204753074,0.0,1.07794057774229,0.0
1.12,0.2688806887035759,0.0,1.0722816728658013,0.0
1.14,0.2810618477481266,0.0,1.0664956223196398,0.0
1.16,0.29350754793184425,0.0,1.060583914732374,0.0
1.18,0.3062144593767705,0.0,1.0545481317960341,0.0
1.2,0.31917906078186964,0.0,1.048389946128612,0.0
1.22,0.3323976439230294,0.0,1.042111119136561,0.0
1.24,0.3458663181530603,0.0,1.0357134988772965,0.0
1.26,0.3595810149016961,0.0,1.0291990179216943,0.0
1.28,0.37353749217559373,0.0,1.0225696912165931,0.0
1.3,0.38773133905833274,0.0,1.015827613947292,0.0
1.32,0.4021579802104165,0.0,1.008974959400052,0.0
1.34,0.4168126803692708,0.0,1.0020139768245964,0.0
1.36,0.4316905488492448,0.0,0.9949469892966087,0.0
1.38,0.44678654404161083,0.0,0.9877763915802349,0.0
1.4,0.4620954779145638,0.0,0.9805046479905821,0.0
1.42,0.4776120205132222,0.0,0.9731342902562194,0.0
1.44,0.4933307044596278,0.0,0.9656679153816767,0.0
1.46,0.5092459294527447,0.0,0.9581081835099463,0.0
1.48,0.5253519667684606,0.0,0.9504578157849812,0.0
1.5,0.5416429637595862,0.0,0.9427195922141964,0.0
1.52,0.5581129483558553,0.0,0.9348963495309688,0.0
1.54,0.5747558335639243,0.0,0.926990979057136,0.0
1.56,0.5915654219673734,0.0,0.9190064245654976,0.0
1.58,0.6085354102267058,0.0,0.9109456801423148,0.0
1.6,0.6256593935793471,0.0,0.9028117880498101,0.0
1.62,0.6429308703396465,0.0,0.8946078365886679,0.0
1.64,0.6603432463988762,0.0,0.8863369579605337,0.0
1.66,0.6778898397252318,0.0,0.8780023261305149,0.0
1.68,0.695563884863831,0.0,0.8696071546896802,0.0
1.7,0.7133585374367158,0.0,0.8611546947175599,0.0
1.72,0.7312668786428506,0.0,0.852648232644646,0.0
1.74,0.7492819197581226,0.0,0.8440910881148918,0.0
1.76,0.7673966066353428,0.0,0.8354866118482122,0.0
1.78,0.7856038242042451,0.0,0.8268381835029837,0.0
1.8,0.803896400971486,0.0,0.8181492095385441,0.0
1.82,0.8222671135206452,0.0,0.8094231210776935,0.0
1.84,0.8407086910122257,0.0,0.8032980923771927,0.0
1.86,0.8592138196836538,0.0,0.8011543323320174,0.0
1.88,0.877775147349279,0.0,0.8004040163162061,0.0
1.9,0.8963852879003729,0.0,0.8001414057106722,0.0
1.92,0.9150368258051305,0.0,0.8000494919987353,0.0
1.94,0.9337223206086707,0.0,0.8000173221995573,0.0
1.96,0.9524343114330345,0.0,0.8000060627698451,0.0
1.98,0.971165321477187,0.0,0.8000021219694458,0.0
2.0,0.9899078625170155,0.0,0.800000742689306,0.0
2.02,1.0086544394053305,0.0,0.8000002599412571,0.0
2.04,1.027397554571866,0.0,0.80000009097944,0.0
2.06,1.046129712523278,0.0,0.800000031842804,0.0
2.08,1.0648434243431475,0.0,0.8000000111449814,0.0
2.1,1.0835312121919767,0.0,0.8000000039007436,0.0
2.12,1.102185613807192,0.0,0.8000000013652602,0.0
2.14,1.1207991870031422,0.0,0.800000000477841,0.0
2.16,1.1393645141711,0.0,0.8000000001672444,0.0
2.18,1.1578742067792596,0.0,0.8000000000585356,0.0
2.2,1.1763209098727412,0.0,0.8000000000204874,0.0
2.22,1.1946973065735844,0.0,0.8000000000071705,0.0
2.24,1.2129961225807544,0.0,0.8000000000025097,0.0
2.26,1.231210130670139,0.0,0.8000000000008785,0.0
2.28,1.2493321551945484,0.0,0.8000000000003075,0.0
2.3,1.267355076583717,0.0,0.8000000000001076,0.0
2.32,1.2852718358443007,0.0,0.8000000000000377,0.0
2.34,1.3030754390598802,0.0,0.8000000000000131,0.0
2.36,1.3207589618909583,0.0,0.8000000000000046,0.0
2.38,1.33831555407496,0.0,0.8000000000000016,0.0
2.4,1.3557384439262354,0.0,0.8000000000000005,0.0
2.42,1.373020942836057,0.0,0.8000000000000002,0.0
2.44,1.39015644977262,0.0,0.8,0.0
2.46,1.4071384557810414,0.0,0.8,0.0
2.48,1.4239605484833646,0.0,0.8,0.0
2.5,1.4406164165785527,0.0,0.8,0.0
2.52,1.4570998543424931,0.0,0.8,0.0
2.54,1.473404766127998,0.0,0.8,0.0
2.56,1.4895251708648005,0.0,0.8,0.0
2.58,1.5054552065595552,0.0,0.8,0.0
2.6,1.5211891347958435,0.0,0.8,0.0
2.62,1.5367213452341697,0.0,0.8,0.0
2.64,1.5520463601119592,0.0,0.8,0.0
2.66,1.5671588387435613,0.0,0.8,0.0
2.68,1.5820535820202468,0.0,0.8,0.0
2.7,1.5967255369102111,0.0,0.8,0.0
2.72,1.611169800958573,0.0,0.8,0.0
2.74,1.6253816267873757,0.0,0.8,0.0
2.76,1.6393564265955822,0.0,0.8,0.0
2.78,1.6530897766590789,0.0,0.8,0.0
2.8,1.666577421830677,0.0,0.8,0.0
2.82,1.6798152800401125,0.0,0.8,0.0
2.84,1.6927994467940386,0.0,0.8,0.0
2.86,1.7055261996760382,0.0,0.8,0.0
2.88,1.7179920028466138,0.0,0.8,0.0
2.9,1.7301935115431895,0.0,0.8,0.0
2.92,1.7421275765801165,0.0,0.8,0.0
2.94,1.753791248848666,0.0,0.8,0.0
2.96,1.765181783817033,0.0,0.8,0.0
2.98,1.7762966460303373,0.0,0.8,0.0
3.0,1.7871335136106181,0.0,0.8,0.0
3.02,1.7976902827568413,0.0,0.8,0.0
3.04,1.8079650722448954,0.0,0.8,0.0
3.06,1.8179562279275883,0.0,0.8,0.0
3.08,1.827662327234656,0.0,0.8,0.0
3.1,1.8370821836727549,0.0,0.8,0.0
3.12,1.8462148513254628,0.0,0.8,0.0
3.14,1.8550596293532866,0.0,0.8,0.0
3.16,1.8636160664936507,0.0,0.8,0.0
3.18,1.8718839655609032,0.0,0.8,0.0
3.2,1.8798633879463167,0.0,0.8,0.0
3.22,1.8875546581180869,0.0,0.8,0.0
3.24,1.8949583681213296,0.0,0.8,0.0
3.26,1.9020753820780898,0.0,0.8,0.0
3.28,1.90890684068733,0.0,0.8,0.0
3.3,1.9154541657249409,0.0,0.8,0.0
3.32,1.9217190645437299,0.0,0.8,0.0
3.34,1.9277035345734301,0.0,0.8,0.0
3.36,1.9334098678206995,0.0,0.8,0.0
3.38,1.9388406553691202,0.0,0.8,0.0
3.4,1.9439987918791928,0.0,0.8,0.0
3.42,1.9488874800883424,0.0,0.8,0.0
3.44,1.9535102353109202,0.0,0.8,0.0
3.46,1.9578708899381971,0.0,0.8,0.0
3.48,1.9619735979383695,0.0,0.8,0.0
3.5,1.9658228393565542,0.0,0.8,0.0
3.52,1.9694234248147926,0.0,0.8,0.0
3.54,1.9727805000120513,0.0,0.8,0.0
3.56,1.9758995502242191,0.0,0.8,0.0
3.58,1.9787864048041015,0.0,0.8,0.0
3.6,1.9814472416814377,0.0,0.8,0.0
3.62,1.9838885918628797,0.0,0.8,0.0
3.64,1.986117343932008,0.0,0.8,0.0
3.66,1.9881407485493288,0.0,0.8,0.0
3.68,1.9899664229522647,0.0,0.8,0.0
3.7,1.9916023554551678,0.0,0.8,0.0
3.72,1.993056909949308,0.0,0.8,0.0
3.74,1.9943388304028846,0.0,0.8,0.0
3.76,1.995457245361011,0.0,0.8,0.0
3.78,1.9964216724457302,0.0,0.8,0.0
3.8,1.9972420228560082,0.0,0.8,0.0
3.82,1.997928605867727,0.0,0.8,0.0
3.84,1.9984921333337047,0.0,0.8,0.0
3.86,1.9989437241836718,0.0,0.8,0.0
3.88,1.999294908924285,0.0,0.8,0.0
3.9,1.999557634139124,0.0,0.8,0.0
3.92,1.9997442669886925,0.0,0.8,0.0
3.94,1.9998675997104145,0.0,0.8,0.0
3.96,1.9999408541186456,0.0,0.8,0.0
3.98,1.9999776861046539,0.0,0.8,0.0
4.02,1.9999938029735038,0.0,0.8,0.0
4.04,2.0000106368207264,0.0,0.8,0.0
4.06,2.000046616622879,0.0,0.8,0.0
4.08,2.000117220778008,0.0,0.8,0.0
4.1,2.000236611256678,0.0,0.8,0.0
4.12,2.000418208479837,0.0,0.8,0.0
4.14,2.000674895451068,0.0,0.8,0.0
4.16,2.0010190921278737,0.0,0.8,0.0
4.18,2.0014627843766313,0.0,0.8,0.0
4.2,2.0020175370318207,0.0,0.8,0.0
4.22,2.0026945013917623,0.0,0.8,0.0
4.24,2.0035044207671167,0.0,0.8,0.0
4.26,2.004457635347866,0.0,0.8,0.0
4.28,2.005564086831753,0.0,0.8,0.0
4.3,2.0068333229692388,0.0,0.8,0.0
4.32,2.0082745020792334,0.0,0.8,0.0
4.34,2.0098963975546065,0.0,0.8,0.0
4.36,2.011707402364112,0.0,0.8,0.0
4.38,2.0137155335530643,0.0,0.8,0.0
4.4,2.0159284367435726,0.0,0.8,0.0
4.42,2.0183533906346254,0.0,0.8,0.0
4.44,2.0209973115021187,0.0,0.8,0.0
4.46,2.0238667576988667,0.0,0.8,0.0
4.48,2.0269679341546034,0.0,0.8,0.0
4.5,2.030306696875986,0.0,0.8,0.0
4.52,2.0338885574465952,0.0,0.8,0.0
4.54,2.037718687526933,0.0,0.8,0.0
4.56,2.0418019233544262,0.0,0.8,0.0
4.58,2.0461427702434243,0.0,0.8,0.0
4.6,2.0507454070851985,0.0,0.8,0.0
4.62,2.0556136908479443,0.0,0.8,0.0
4.64,2.06075116107678,0.0,0.8,0.0
4.66,2.066161044393748,0.0,0.8,0.0
4.68,2.0718462589978115,0.0,0.8,0.0
4.7,2.077809419164859,0.0,0.8,0.0
4.72,2.0840528397477005,0.0,0.8,0.0
4.74,2.09057854067607,0.0,0.8,0.0
4.76,2.0973882514566244,0.0,0.8,0.0
4.78,2.1044834156729437,0.0,0.8,0.0
4.8,2.1118651954855303,0.0,0.8,0.0
4.82,2.1195344761318102,0.0,0.8,0.0
4.84,2.1274918704261334,0.0,0.8,0.0
4.86,2.135737723259772,0.0,0.8,0.0
4.88,2.14427211610092,0.0,0.8,0.0
4.9,2.1530948714946967,0.0,0.8,0.0
4.92,2.162205557563144,0.0,0.8,0.0
4.94,2.171603492505225,0.0,0.8,0.0
4.96,2.1812877490968288,0.0,0.8,0.0
4.98,2.191257159190765,0.0,0.8,0.0
5.0,2.2015103182167675,0.0,0.8,0.0
5.02,2.2120455896814937,0.0,0.8,0.0
5.04,2.222861109668523,0.0,0.8,0.0
5.06,2.2339547913383577,0.0,0.8,0.0
5.08,2.2453243294284255,0.0,0.8,0.0
5.1,2.2569672047530744,0.0,0.8,0.0
5.12,2.268880688703576,0.0,0.8,0.0
5.14,2.281061847748127,0.0,0.8,0.0
5.16,2.2935075479318447,0.0,0.8,0.0
5.18,2.3062144593767706,0.0,0.8,0.0
5.2,2.3191790607818694,0.0,0.8,0.0
5.22,2.3323976439230294,0.0,0.8,0.0
5.24,2.3458663181530603,0.0,0.8,0.0
5.26,2.3595810149016962,0.0,0.8,0.0
5.28,2.373537492175594,0.0,0.8,0.0
5.3,2.387731339058333,0.0,0.8,0.0
5.32,2.4021579802104167,0.0,0.8,0.0
5.34,2.416812680369271,0.0,0.8,0.0
5.36,2.431690548849245,0.0,0.8,0.0
5.38,2.446786544041611,0.0,0.8,0.0
5.4,2.4620954779145636,0.0,0.8,0.0
5.42,2.477612020513222,0.0,0.8,0.0
5.44,2.493330704459628,0.0,0.8,0.0
5.46,2.509245929452745,0.0,0.8,0.0
5.48,2.5253519667684605,0.0,0.8,0.0
5.5,2.5416429637595863,0.0,0.8,0.0
5.52,2.558112948355855,0.0,0.8,0.0
5.54,2.5747558335639242,0.0,0.8,0.0
5.56,2.591565421967373,0.0,0.8,0.0
5.58,2.6085354102267058,0.0,0.8,0.0
5.6,2.625659393579347,0.0,0.8,0.0
5.62,2.6429308703396464,0.0,0.8,0.0
5.64,2.660343246398876,0.0,0.8,0.0
5.66,2.6778898397252315,0.0,0.8,0.0
5.68,2.695563884863831,0.0,0.8,0.0
5.7,2.713358537436716,0.0,0.8,0.0
5.72,2.7312668786428502,0.0,0.8,0.0
5.74,2.749281919758123,0.0,0.8,0.0
5.76,2.767396606635343,0.0,0.8,0.0
5.78,2.7856038242042453,0.0,0.8,0.0
5.8,2.803896400971486,0.0,0.8,0.0
5.82,2.822267113520645,0.0,0.8,0.0
5.84,2.8407086910122255,0.0,0.8,0.0
5.86,2.859213819683654,0.0,0.8,0.0
5.88,2.877775147349279,0.0,0.8,0.0
5.9,2.896385287900373,0.0,0.8,0.0
5.92,2.9150368258051307,0.0,0.8,0.0
5.94,2.9337223206086707,0.0,0.8,0.0
5.96,2.9524343114330343,0.0,0.8,0.0
5.98,2.971165321477187,0.0,0.8,0.0
6.0,2.9899078625170157,0.0,0.8,0.0
6.02,3.0086544394053307,0.0,0.8,0.0
6.04,3.0273975545718663,0.0,0.8,0.0
6.06,3.046129712523278,0.0,0.8,0.0
6.08,3.064843424343147,0.0,0.8,0.0
6.1,3.0835312121919767,0.0,0.8,0.0
6.12,3.1021856138071917,0.0,0.8,0.0
6.14,3.1207991870031426,0.0,0.8,0.0
6.16,3.1393645141711,0.0,0.8,0.0
6.18,3.15787420677926,0.0,0.8,0.0
6.2,3.176320909872741,0.0,0.8,0.0
6.22,3.194697306573585,0.0,0.8,0.0
6.24,3.212996122580755,0.0,0.8,0.0
6.26,3.2312101306701395,0.0,0.8,0.0
6.28,3.2493321551945487,0.0,0.8,0.0
6.3,3.2673550765837174,0.0,0.8,0.0
6.32,3.2852718358443007,0.0,0.8,0.0
6.34,3.30307543905988,0.0,0.8,0.0
6.36,3.320758961890958,0.0,0.8,0.0
6.38,3.3383155540749603,0.0,0.8,0.0
6.4,3.3557384439262354,0.0,0.8,0.0
6.42,3.373020942836057,0.0,0.8,0.0
6.44,3.39015644977262,0.0,0.8,0.0
6.46,3.407138455781041,0.0,0.8,0.0
6.48,3.4239605484833646,0.0,0.8,0.0
6.5,3.440616416578553,0.0,0.8,0.0
6.52,3.457099854342493,0.0,0.8,0.0
6.54,3.473404766127998,0.0,0.8,0.0
6.56,3.4895251708648,0.0,0.8,0.0
6.58,3.5054552065595552,0.0,0.8,0.0
6.6,3.5211891347958435,0.0,0.8,0.0
6.62,3.5367213452341697,0.0,0.8,0.0
6.64,3.5520463601119596,0.0,0.8,0.0
6.66,3.5671588387435618,0.0,0.8,0.0
6.68,3.582053582020247,0.0,0.8,0.0
6.7,3.5967255369102116,0.0,0.8,0.0
6.72,3.6111698009585727,0.0,0.8,0.0
6.74,3.6253816267873757,0.0,0.8,0.0
6.76,3.6393564265955822,0.0,0.8,0.0
6.78,3.653089776659079,0.0,0.8,0.0
6.8,3.6665774218306773,0.0,0.8,0.0
6.82,3.6798152800401125,0.0,0.8,0.0
6.84,3.692799446794039,0.0,0.8,0.0
6.86,3.7055261996760382,0.0,0.8,0.0
6.88,3.7179920028466142,0.0,0.8,0.0
6.9,3.73019351154319,0.0,0.8,0.0
6.92,3.742127576580117,0.0,0.8,0.0
6.94,3.7537912488486658,0.0,0.8,0.0
6.96,3.765181783817033,0.0,0.8,0.0
6.98,3.776296646030337,0.0,0.8,0.0
7.0,3.787133513610618,0.0,0.8,0.0
7.02,3.7976902827568413,0.0,0.8,0.0
7.04,3.807965072244895,0.0,0.8,0.0
7.06,3.8179562279275885,0.0,0.8,0.0
7.08,3.8276623272346555,0.0,0.8,0.0
7.1,3.837082183672755,0.0,0.8,0.0
7.12,3.8462148513254633,0.0,0.8,0.0
7.14,3.8545686317786556,0.0,0.8,0.0
7.16,3.857689581041162,0.0,0.8,0.0
7.18,3.8589767218175988,0.0,0.8,0.0
7.2,3.859038905626152,0.0,0.8,0.0
7.22,3.859038905626152,0.0,0.8,0.0
7.24,3.859038905626152,0.0,0.8,0.0
7.26,3.859038905626152,0.0,0.8,0.0
7.28,3.859038905626152,0.0,0.8,0.0
7.3,3.859038905626152,0.0,0.8,0.0
7.32,3.859038905626152,0.0,0.8,0.0
7.34,3.859038905626152,0.0,0.8,0.0
7.36,3.859038905626152,0.0,0.8,0.0
7.38,3.859038905626152,0.0,0.8,0.0
7.4,3.859038905626152,0.0,0.8,0.0
7.42,3.859038905626152,0.0,0.8,0.0
7.44,3.859038905626152,0.0,0.8,0.0
7.46,3.859038905626152,0.0,0.8,0.0
7.48,3.859038905626152,0.0,0.8,0.0
7.5,3.859038905626152,0.0,0.8,0.0
7.52,3.859038905626152,0.0,0.8,0.0
7.54,3.859038905626152,0.0,0.8,0.0
7.56,3.859038905626152,0.0,0.8,0.0
7.58,3.859038905626152,0.0,0.8,0.0
7.6,3.859038905626152,0.0,0.8,0.0
7.62,3.859038905626152,0.0,0.8,0.0
7.64,3.859038905626152,0.0,0.8,0.0
7.66,3.859038905626152,0.0,0.8,0.0
7.68,3.859038905626152,0.0,0.8,0.0
7.7,3.859038905626152,0.0,0.8,0.0
7.72,3.859038905626152,0.0,0.8,0.0
7.74,3.859038905626152,0.0,0.8,0.0
7.76,3.859038905626152,0.0,0.8,0.0
7.78,3.859038905626152,0.0,0.8,0.0
7.8,3.859038905626152,0.0,0.8,0.0
7.82,3.859038905626152,0.0,0.8,0.0
7.84,3.859038905626152,0.0,0.8,0.0
7.86,3.859038905626152,0.0,0.8,0.0
7.88,3.859038905626152,0.0,0.8,0.0
7.9,3.859038905626152,0.0,0.8,0.0
7.92,3.859038905626152,0.0,0.8,0.0
7.94,3.859038905626152,0.0,0.8,0.0
7.96,3.859038905626152,0.0,0.8,0.0
7.98,3.859038905626152,0.0,0.8,0.0
8.02,3.8590389056261563,9.307711705697921e-08,0.8,0.08314123188844122
8.04,3.8590389056264383,7.717359686452542e-07,0.8,0.08314123188844123
8.06,3.8590389056297756,2.746666762233898e-06,0.8,0.08314123188844123
8.08,3.8590389056482897,6.788901662470471e-06,0.8,0.08314123188844122
8.1,3.8590389057159724,1.3674766161392979e-05,0.8,0.08314123188844122
8.12,3.859038905906684,2.4167028732811243e-05,0.8,0.08314123188844122
8.14,3.859038906357058,3.9008839731431e-05,0.8,0.08314123188844122
8.16,3.859038907293759,5.892222567189538e-05,0.8,0.08314123188844122
8.18,3.859038909064587,8.460823771974864e-05,0.8,0.08314123188844123
8.2,3.859038912173002,0.00011674772765866611,0.8,0.08314123188844123
8.22,3.859038917315707,0.00015600238392124462,0.8,0.08314123188844122
8.24,3.859038925422979,0.00020301589263537533,0.8,0.08314123188844122
8.26,3.859038937701511,0.00025841517096514684,0.8,0.08314123188844122
8.28,3.85903895567959,0.0003228116496093651,0.8,0.08314123188844122
8.3,3.8590389812544847,0.00039680259234486004,0.8,0.08314123188844122
8.32,3.8590390167419786,0.00048097244497437313,0.8,0.08314123188844123
8.34,3.859039064928054,0.0005758942081783779,0.8,0.08314123188844122
8.36,3.8590391291227464,0.0006821308300586927,0.8,0.08314123188844122
8.38,3.859039213216291,0.0008002366151202997,0.8,0.08314123188844122
8.4,3.8590393217376846,0.0009307586472506154,0.8,0.08314123188844122
8.42,3.859039459915874,0.0010742382249885971,0.8,0.08314123188844122
8.44,3.8590396337437953,0.001231212308054689,0.8,0.08314123188844123
8.46,3.859039850045563,0.001402214974747514,0.8,0.08314123188844123
8.48,3.859040116547139,0.0015877788904106714,0.8,0.08314123188844122
8.5,3.859040441950863,0.0017884367877376655,0.8,0.08314123188844122
8.52,3.8590408360142785,0.002004722960219153,0.8,0.08314123188844123
8.54,3.859041309633737,0.002237174770548783,0.8,0.08314123188844122
8.56,3.8590418749333075,0.0024863341762961645,0.8,0.08314123188844122
8.58,3.859042545359598,0.0027527492756325776,0.8,0.08314123188844122
8.6,3.8590433357831238,0.0030369758763614863,0.8,0.08314123188844122
8.62,3.85904426260696,0.003339579091966467,0.8,0.08314123188844122
8.64,3.859045343883443,0.0036611349688487295,0.8,0.08314123188844123
8.66,3.859046599439811,0.0040022321493899,0.8,0.08314123188844122
8.68,3.8590480510137124,0.004363473575948347,0.8,0.08314123188844122
8.7,3.8590497223996434,0.004745478241384333,0.8,0.0831412318884412
8.72,3.859051620162396,0.00514495028809313,0.8,0.08314123188844122
8.74,3.8590537450336404,0.0055582615546382694,0.8,0.08314123188844122
8.76,3.859056138998562,0.005989845024554909,0.8,0.08314123188844122
8.78,3.8590588359809765,0.006441509972036452,0.8,0.08314123188844122
8.8,3.8590618685045817,0.006914217152089603,0.8,0.08314123188844122
8.82,3.8590652700833403,0.007408647199701906,0.8,0.08314123188844122
8.84,3.85906907617169,0.00792539071215642,0.8,0.08314123188844122
8.86,3.8590733246168956,0.008465014818463968,0.8,0.0831412318884412
8.88,3.859078055937795,0.009028087824090914,0.8,0.08314123188844122
8.9,3.8590833135457863,0.009615189087022314,0.8,0.08314123188844123
8.92,3.859089143951259,0.010226913506797934,0.8,0.08314123188844123
8.94,3.859095596972511,0.01086387398609793,0.8,0.08314123188844123
8.96,3.859102725954478,0.011526703110655151,0.8,0.08314123188844122
8.98,3.8591105880009033,0.012216054525676583,0.8,0.08314123188844122
9.0,3.8591192442221676,0.012932604198978011,0.8,0.08314123188844122
9.02,3.8591287600004627,0.01367705164955626,0.8,0.08314123188844122
9.04,3.8591392052738263,0.014450121175843595,0.8,0.08314123188844123
9.06,3.859150654840533,0.015252563099610018,0.8,0.08314123188844122
9.08,3.859163188685402,0.016085155033741413,0.8,0.08314123188844122
9.1,3.8591768923296534,0.016948703178739317,0.8,0.08314123188844122
9.12,3.8591918572060595,0.01784404365124959,0.8,0.08314123188844122
9.14,3.859208181061266,0.018772043847185182,0.8,0.08314123188844122
9.16,3.8592259683872676,0.019733603841612803,0.8,0.0831412318884412
9.18,3.859245330884189,0.020729657827327615,0.8,0.08314123188844123
9.2,3.859266387956662,0.021761175593852045,0.8,0.08314123188844122
9.22,3.859289267246249,0.022829164048422983,0.8,0.08314123188844122
9.24,3.8593141052025475,0.02393466878035119,0.8,0.08314123188844123
9.26,3.85934104769579,0.025078775669936368,0.8,0.08314123188844122
9.28,3.8593702506739387,0.026262612542890324,0.8,0.08314123188844122
9.3,3.8594018808675,0.027487350870951232,0.8,0.08314123188844122
9.32,3.859436116545481,0.028754207519057023,0.8,0.08314123188844122
9.34,3.859473148326148,0.030064446539075324,0.8,0.08314123188844122
9.36,3.8595131800464895,0.031419381009654766,0.8,0.08314123188844122
9.38,3.8595564296945133,0.03282037492125312,0.8,0.08314123188844123
9.4,3.8596031304087934,0.03426884510480444,0.8,0.08314123188844122
9.42,3.8596535315499074,0.035766263201791514,0.8,0.08314123188844122
9.44,3.859707899848712,0.03731415767267908,0.8,0.08314123188844123
9.46,3.8597665206366347,0.038914115839716996,0.8,0.08314123188844122
9.48,3.859829699163458,0.04056778595901998,0.8,0.08314123188844122
9.5,3.859897762008303,0.042276879315548015,0.8,0.08314123188844122
9.52,3.8599710585897937,0.04404317233311848,0.8,0.08314123188844122
9.54,3.860049962781592,0.04586850868984852,0.8,0.08314123188844123
9.56,3.8601348746396833,0.04775480142741303,0.8,0.08314123188844122
9.58,3.860226222247972,0.049704035040169826,0.8,0.08314123188844122
9.6,3.8603244636888134,0.051718267527497905,0.8,0.08314123188844123
9.62,3.8604300891451566,0.053799632389562646,0.8,0.08314123188844122
9.64,3.86054362314087,0.05595034054309838,0.8,0.08314123188844122
9.66,3.8606656269256527,0.05817268212961103,0.8,0.08314123188844122
9.68,3.860796701010561,0.060469028183570646,0.8,0.08314123188844122
9.7,3.860937487859621,0.06284183212259348,0.8,0.08314123188844122
9.72,3.861088674742233,0.06529363101520014,0.8,0.08314123188844122
9.74,3.8612509967499387,0.06782704657437387,0.8,0.08314123188844122
9.76,3.8614252399796927,0.07044478581670034,0.8,0.08314123188844123
9.78,3.8616122448838484,0.0731496413172228,0.8,0.08314123188844122
9.8,3.861812909784601,0.07594449097915329,0.8,0.08314123188844123
9.82,3.862028194547553,0.07883229722510467,0.8,0.08314123188844123
9.84,3.8622591244051256,0.08181610550241997,0.8,0.08314123188844123
9.86,3.8625067939157454,0.08489904197935919,0.8,0.08314123188844122
9.88,3.8627723710387825,0.0880843102912821,0.8,0.08314123188844122
9.9,3.8630571012980237,0.09137518717651302,0.8,0.08314123188844123
9.92,3.8633623119977263,0.0947750168203641,0.8,0.08314123188844122
9.94,3.863689416444934,0.098287203703014,0.8,0.08314123188844122
9.96,3.8640399181193805,0.10191520372299347,0.8,0.08314123188844122
9.98,3.8644154147178895,0.10566251334356108,0.8,0.08314123188844122
10.0,3.864817601983459,0.109532656485285,0.8,0.08314123188844122
10.02,3.8652482772101537,0.11352916886617662,0.8,0.08314123188844122
10.04,3.8657093422935205,0.11765557947287252,0.8,0.08314123188844122
10.06,3.866202806172759,0.12191538883554162,0.8,0.08314123188844122
10.08,3.8667307864857765,0.12631204377927538,0.8,0.08314123188844123
10.1,3.867295510232455,0.13084890834070234,0.8,0.08314123188844123
10.12,3.8678993132163475,0.13552923057669983,0.8,0.08314123188844122
10.14,3.8685446380126685,0.14035610505988458,0.8,0.08314123188844122
10.16,3.869234030193681,0.14533243096170184,0.8,0.08314123188844122
10.18,3.8699701325352693,0.1504608657777438,0.8,0.08314123188844122
10.2,3.8707556769352447,0.1557437749605832,0.8,0.08314123188844122
10.22,3.87159347380053,0.16118317800049298,0.8,0.08314123188844122
10.24,3.8724863987128444,0.16678069183781177,0.8,0.08314123188844122
10.26,3.873437376267101,0.17253747289973242,0.8,0.08314123188844122
10.28,3.874449361098466,0.17845415951626067,0.8,0.08314123188844122
10.3,3.8755253162754393,0.18453081695874304,0.8,0.08314123188844123
10.32,3.8766681894357546,0.1907668878167887,0.8,0.08314123188844122
10.34,3.877880887271279,0.19716115082503238,0.8,0.08314123188844122
10.36,3.8791662492116323,0.203711691494013,0.8,0.08314123188844123
10.38,3.880527021389505,0.21041588790546317,0.8,0.08314123188844122
10.4,3.881965832161673,0.21727041472258368,0.8,0.08314123188844123
10.42,3.8834851705724436,0.22427126778494108,0.8,0.08314123188844123
10.44,3.8850873691463272,0.23141381059408775,0.8,0.08314123188844122
10.46,3.8867745922592296,0.23869284260016835,0.8,0.08314123188844123
10.48,3.8885488310549943,0.24610268759154352,0.8,0.08314123188844123
10.5,3.8904119054625044,0.25363729885044056,0.8,0.08314123188844122
10.52,3.892365473368055,0.2612903762851104,0.8,0.08314123188844122
10.54,3.894411046468364,0.2690554896952467,0.8,0.08314123188844122
10.56,3.896550011840347,0.2769262018343345,0.8,0.08314123188844123
10.58,3.898791271901591,0.2849229418273744,0.8,0.08314123188844122
10.6,3.901195981464731,0.2932414236730499,0.8,0.08314123188844122
10.62,3.9037706250042428,0.3018725432952826,0.8,0.08314123188844122
10.64,3.90652107904295,0.3108048159440507,0.8,0.08314123188844122
10.66,3.9094525075880164,0.3200244760582085,0.8,0.08314123188844122
10.68,3.9125692861963572,0.3295156831430452,0.8,0.08314123188844122
10.7,3.915874962297938,0.3392608291092775,0.8,0.08314123188844122
10.72,3.919372256356506,0.34924093173147414,0.8,0.08314123188844122
10.74,3.92306310447826,0.35943608912899083,0.8,0.08314123188844122
10.76,3.9269487388420243,0.3698259633379903,0.8,0.08314123188844122
10.78,3.9310297985792313,0.3803902584959221,0.8,0.08314123188844123
10.8,3.935306461137768,0.39110916133154294,0.8,0.08314123188844122
10.82,3.9397785830996415,0.40196371792223695,0.8,0.0831412318884412
10.84,3.944445839905483,0.41293612959640796,0.8,0.08314123188844122
10.86,3.949307855662682,0.4240099606086062,0.8,0.08314123188844122
10.88,3.95436431667865,0.435170259127807,0.8,0.08314123188844122
10.9,3.959615065032762,0.4464035999929473,0.8,0.08314123188844122
10.92,3.965060170942235,0.4576980620905401,0.8,0.08314123188844122
10.94,3.9706999846140683,0.4690431551613413,0.8,0.08314123188844122
10.96,3.976535169601291,0.48042971079720137,0.8,0.08314123188844123
10.98,3.9825667204226862,0.4918497509646755,0.8,0.08314123188844122
11.0,3.9887959674658005,0.503296345201724,0.8,0.08314123188844122
11.02,3.9952245721084374,0.5147634651795318,0.8,0.08314123188844122
11.04,4.001854514694956,0.5262458429538097,0.8,0.08314123188844122
11.06,4.0086880775982126,0.5377388371546444,0.8,0.08314123188844123
11.08,4.015727825163932,0.5492383096713932,0.8,0.08314123188844122
11.1,4.022976581921707,0.5607405140903122,0.8,0.08314123188844122
11.12,4.0304374100831195,0.5722419962018229,0.8,0.08314123188844122
11.14,4.038113587043753,0.583739506253785,0.8,0.08314123188844123
11.16,4.0460085833629496,0.5952299222235419,0.8,0.08314123188844122
11.18,4.054126041507753,0.6067101831555622,0.8,0.08314123188844123
11.2,4.062469755507683,0.6181772315126456,0.8,0.08314123188844122
11.22,4.071043651566155,0.6296279634762297,0.8,0.08314123188844122
11.24,4.079851769604196,0.6410591861744362,0.8,0.08314123188844122
11.26,4.088898245665485,0.6524675808923158,0.8,0.08314123188844122
11.28,4.098187295082622,0.6638496714114398,0.8,0.08314123188844122
11.3,4.107723196288153,0.6752017967246082,0.8,0.0831412318884412
11.32,4.117510275146468,0.686520087469145,0.8,0.08314123188844123
11.34,4.127552889681512,0.6978004455147736,0.8,0.08314123188844122
11.36,4.137855415078174,0.7090385262271269,0.8,0.08314123188844122
11.38,4.148422228840729,0.7202297230045851,0.8,0.08314123188844122
11.4,4.159257695998834,0.7313691537541371,0.8,0.08314123188844122
11.42,4.170366154259464,0.7424516490316901,0.8,0.08314123188844122
11.44,4.18175189901149,0.7534717416243287,0.8,0.08314123188844122
11.46,4.193419168097883,0.7644236573971994,0.8,0.08314123188844122
11.48,4.205372126278789,0.7753013072667613,0.8,0.08314123188844122
11.5,4.217614849316699,0.7860982801958849,0.8,0.08314123188844122
11.52,4.230151307622737,0.7968078371354482,0.8,0.08314123188844122
11.54,4.242985349410704,0.8074229058622406,0.8,0.08314123188844122
11.56,4.256120683312926,0.817936076684839,0.8,0.08314123188844122
11.58,4.26956086041935,0.8283395990080458,0.8,0.08314123188844122
11.6,4.283309255708606,0.8386253787629647,0.8,0.08314123188844122
11.62,4.297369048847175,0.8487849767241649,0.8,0.08314123188844122
11.64,4.311743204340251,0.8588096077479127,0.8,0.08314123188844122
11.66,4.326434451025532,0.8686901409764113,0.8,0.08314123188844122
11.68,4.3414452609090395,0.8784171010624898,0.8,0.0831412318884412
11.7,4.3567778273501245,0.8879806704774313,0.8,0.08314123188844122
11.72,4.372434042611193,0.8973706929716565,0.8,0.08314123188844122
11.74,4.388415474796211,0.9065766782639039,0.8,0.08314123188844123
11.76,4.4047233442109,0.915587808039385,0.8,0.08314123188844122
11.78,4.421358499186424,0.9243929433411567,0.8,0.08314123188844122
11.8,4.438321391417424,0.9329806334416895,0.8,0.08314123188844123
11.82,4.45561205087421,0.9413391262832829,0.8,0.08314123188844122
11.84,4.473230060357707,0.9494563805766506,0.8,0.08314123188844122
11.86,4.491174529774126,0.9573200796466105,0.8,0.08314123188844122
11.88,4.509444070214152,0.9649176471124941,0.8,0.08314123188844123
11.9,4.528036767928382,0.9722362644886454,0.8,0.08314123188844122
11.92,4.546950158296553,0.979262890787336,0.8,0.08314123188844122
11.94,4.56618119989249,0.9859842842027364,0.8,0.08314123188844122
11.96,4.585725131428832,0.9923905541305194,0.8000192632849448,0.08314123188844123
11.98,4.6055746887300435,0.9984788024519238,0.8001154905007354,0.08314123188844122
12.02,4.625725447260906,1.0042358200361263,0.8002904922740562,0.4636476090008062
12.04,4.646172378889943,1.0096483816901924,0.8005465364753347,0.4636476090008062
12.06,4.666909919007555,1.0147032515870416,0.8008861497493938,0.46364760900080615
12.08,4.687931970161341,1.0193871940404253,0.8013120553562993,0.4636476090008062
12.1,4.709231886156103,1.023686991433913,0.8018271706075083,0.4636476090008062
12.12,4.7308024564512134,1.0275894634598948,0.8024346036289188,0.4636476090008062
12.14,4.752635890923648,1.0310814876784247,0.8031376493003803,0.46364760900080615
12.16,4.774723805078876,1.0341500214089063,0.8039397842344259,0.4636476090008062
12.18,4.797057205806594,1.0367821249691649,0.8048446606723834,0.46364760900080615
12.2,4.819626477793693,1.0389649862762023,0.8058560991938114,0.46364760900080615
12.22,4.842421370722611,1.0406859468206897,0.8069780801554869,0.4636476090008062
12.24,4.865430987398841,1.041932529022857,0.8082147337989318,0.4636476090008061
12.26,4.888643772966541,1.0426924649707632,0.8095703289905732,0.4636476090008061
12.28,4.912047505385109,1.042953726532885,0.8110492605858237,0.46364760900080615
12.3,4.935629287351916,1.0427045568255322,0.8126560354373119,0.4636476090008061
12.32,4.95937553986625,1.041933503001879,0.8143952570977112,0.4636476090008062
12.34,4.983271997636517,1.0406294503135582,0.8162716092986007,0.4636476090008061
12.36,5.007303706536035,1.0387816573780615,0.8182898383179517,0.4636476090008061
12.38,5.031455023312066,1.0363797925660805,0.8204547343795655,0.46364760900080615
12.4,5.05570961774738,1.0334139714028043,0.8227711122574843,0.46364760900080615
12.42,5.080050477463584,1.0298747948567446,0.8252437912865064,0.46364760900080615
12.44,5.104459915540265,1.0257533883694643,0.8278775750059536,0.4636476090008061
12.46,5.128919581103895,1.0210414414603999,0.8306772306874033,0.4636476090008061
12.48,5.1534104730155095,1.0157312477234914,0.8336474690179461,0.4636476090008062
12.5,5.177912956756706,1.009815745017328,0.8367929242286222,0.4636476090008062
12.52,5.202406784580008,1.003288555638662,0.8401181349731341,0.4636476090008062
12.54,5.226871118952699,0.9961440262611463,0.8436275262751031,0.4636476090008061
12.56,5.251284559283433,0.9883772674175837,0.8473253928736189,0.46364760900080615
12.58,5.275625171878949,0.9799841923054255,0.8512158843075205,0.4636476090008061
12.6,5.299870523034772,0.9709615547022239,0.8553029920898898,0.46364760900080615
12.62,5.323997715119285,0.9613069857906994,0.8595905393371717,0.46364760900080615
12.64,5.347983425465543,0.951019029712538,0.8640821732340399,0.46364760900080615
12.66,5.371803947839799,0.9400971776965434,0.8687813607379885,0.4636476090008061
12.68,5.395435236209819,0.9285419006410808,0.8736913879596037,0.4636476090008061
12.7,5.418852950489302,0.9163546800738331,0.8788153636993133,0.4636476090008062
12.72,5.442032503886165,0.903538037465203,0.8841562276839008,0.4636476090008062
12.74,5.464949111430528,0.8900955619372792,0.8897167641324523,0.4636476090008062
12.76,5.487577839200814,0.8760319364912189,0.8954996213999745,0.4636476090008062
12.78,5.509893653700083,0.8613529629765385,0.9015073386089031,0.4636476090008061
12.8,5.531871470754759,0.8460655861526902,0.9077423803996486,0.4636476090008062
12.82,5.55348620320759,0.8301779173558826,0.914207181233053,0.4636476090008062
12.84,5.574712806546117,0.8136992584964603,0.9209042010915023,0.46364760900080615
12.86,5.59552632143263,0.7966401273952748,0.9278359949972693,0.46364760900080615
12.88,5.615901911860247,0.7790122858531547,0.9350052995646065,0.4636476090008061
12.9,5.635814897319513,0.7608287723847779,0.9424151409296929,0.46364760900080615
12.92,5.655240776870075,0.7421039423139107,0.9500689700202488,0.46364760900080615
12.94,5.674155242291419,0.7228535190445698,0.9579708334891437,0.46364760900080615
12.96,5.6925341764027415,0.7030946619958038,0.9661255921581627,0.46364760900080615
12.98,5.710353630970911,0.6828460592616459,0.9745392041934449,0.46364760900080615
13.0,5.727589775977084,0.6621280571373832,0.9832190986632329,0.46364760900080615
13.02,5.744218807680881,0.6409628453392785,0.9921746787639345,0.46364760900080615
13.04,5.760216795572712,0.6193747281273116,1.001418016866579,0.46364760900080615
13.06,5.775559435293986,0.597390531791391,1.0109648435317893,0.4636476090008062
13.08,5.790221650365278,0.5750402369115475,1.0208360061824011,0.4636476090008061
13.1,5.804176937540899,0.5523579995037966,1.0310597167296391,0.4636476090008061
13.12,5.817396247979977,0.5293838882243004,1.0416752094270008,0.4636476090008062
13.14,5.829845954985601,0.5061670518939302,1.0527391275422981,0.4636476090008062
13.16,5.841483814636382,0.4827720757338636,1.0643377779329186,0.4636476090008061
13.18,5.852249776612963,0.4592936471839571,1.0766140235010662,0.4636476090008061
13.2,5.862040018860561,0.435898806367109,1.0898400396176577,0.4636476090008062
13.22,5.869298980313907,0.4166276667925419,1.1023761399224656,0.4636476090008062
13.24,5.87122560286338,0.41065890113623604,1.1080744894054342,0.4636476090008062
13.26,5.871398582887393,0.4093702029281374,1.1113590145383043,0.4636476090008061
13.28,5.8709785194723345,0.409704034177517,1.1137687087998354,0.4636476090008062
13.3,5.870360810118062,0.41058581427168733,1.1158412159202173,0.4636476090008061
13.32,5.869682751007751,0.41163916831362685,1.1177648398636328,0.4636476090008062
13.34,5.868992391567768,0.41273259822344954,1.119605800225153,0.4636476090008061
13.36,5.868306627390619,0.4138203881588004,1.1213876505065727,0.4636476090008061
13.38,5.867631428478393,0.41488687225758114,1.1231190555892476,0.4636476090008062
13.4,5.866968914031325,0.41592692141357684,1.124803506923902,0.4636476090008061
13.42,5.8663198317723975,0.41693911059259786,1.1264427173925797,0.4636476090008061
13.44,5.865684428488482,0.41792332454401265,1.1280378044834976,0.4636476090008062
13.46,5.865062756928104,0.41887991704959227,1.129589699756014,0.4636476090008062
13.48,5.864454785120816,0.4198094141037552,1.1310992878982333,0.4636476090008061
13.5,5.863860436371264,0.4207124077013006,1.1325674515270323,0.46364760900080615
13.52,5.863279604865368,0.4215895165727976,1.133995083366282,0.4636476090008061
13.54,5.862712162634075,0.42244137057667597,1.1353830873548176,0.46364760900080615
13.56,5.8621579633924155,0.42326860358163443,1.1367323762048103,0.4636476090008061
13.58,5.86161684518868,0.42407184951538573,1.1380438680201752,0.46364760900080615
13.6,5.861088632543943,0.42485173970067314,1.1393184828661544,0.4636476090008061
13.62,5.860573138323103,0.42560890080575114,1.1405571395804093,0.46364760900080615
13.64,5.860070165425295,0.4263439531594475,1.1417607529065186,0.46364760900080615
13.66,5.859579508328124,0.4270575093297511,1.142930230958421,0.46364760900080615
13.68,5.859100954501713,0.4277501729178253,1.1440664730000552,0.46364760900080615
13.7,5.858634285702257,0.4284225375387028,1.1451703675170124,0.46364760900080615
13.72,5.86395425148179,0.431664013881546,1.1471279067389544,0.46364760900080615
13.74,5.8763886490284385,0.4380847353634474,1.150162469805259,0.46364760900080615
13.76,5.891369168407953,0.44564622800120657,1.1535864513758407,0.46364760900080615
13.78,5.907292719636471,0.4536329351472661,1.1571582603579191,0.46364760900080615
13.8,5.923594008122765,0.46179230542654326,1.1607924036252717,0.46364760900080615
13.82,5.940070938705531,0.47003382483057143,1.16445801590497,0.46364760900080615
13.84,5.956648509698935,0.47832367926669994,1.1681433458227395,0.46364760900080615
13.86,5.973296178441064,0.4866478877665637,1.1718433266038337,0.46364760900080615
13.88,5.989998941868373,0.4949994004252974,1.1755552264033418,0.46364760900080615
13.9,6.006747217349243,0.5033735839965104,1.1792771265067947,0.46364760900080615
13.92,6.023533303608235,0.5117666431667786,1.183007389285378,0.46364760900080615
13.94,6.040350144682069,0.5201750693179663,1.1867444725652572,0.46364760900080615
13.96,6.057190899936724,0.5285954489102882,1.1904868652418399,0.46364760900080615
13.98,6.074048796205916,0.5370243977326321,1.194233065329769,0.46364760900080615
14.0,6.090917078672071,0.5454585392064213,1.197981572865419,0.46364760900080615
14.02,6.107788996307162,0.5538944981082162,1.2017308880077717,0.46364760900080615
14.04,6.124657799409507,0.5623288996888759,1.2054795109587202,0.46364760900080615
14.06,6.141516741374139,0.5707583706815128,1.209225942520177,0.46364760900080615
14.08,6.158359081944949,0.5791795409705295,1.212968684874062,0.46364760900080615
14.1,6.17517809098542,0.5875890454920292,1.2167062424402966,0.46364760900080615
14.12,6.191967052430897,0.5959835262152102,1.2204371227621036,0.46364760900080615
14.14,6.208719268304376,0.6043596341521049,1.2241598374008613,0.46364760900080615
14.16,6.225428062754531,0.6127140313772368,1.2278729028343016,0.46364760900080615
14.18,6.242086786101523,0.6210433930507515,1.2315748413558807,0.46364760900080615
14.2,6.258688818885533,0.6293444094427632,1.2352641819745582,0.46364760900080615
14.22,6.275227575916249,0.6376137879581234,1.2389394613147202,0.46364760900080615
14.24,6.291696510322687,0.645848255161343,1.2425992245161521,0.46364760900080615
14.26,6.308089117603128,0.654044558801564,1.2462420261340283,0.46364760900080615
14.28,6.324398939675095,0.6621994698375473,1.2498664310389098,0.46364760900080615
14.3,6.340619568925346,0.6703097844626728,1.2534710153167432,0.46364760900080615
14.32,6.356744652259871,0.6783723261299354,1.2570543671688599,0.46364760900080615
14.34,6.372767895153893,0.6863839475769461,1.260615087811976,0.46364760900080615
14.36,6.388683065701862,0.6943415328509313,1.2641517923781915,0.46364760900080615
14.38,6.404483998667464,0.7022419993337321,1.267663110814992,0.46364760900080615
14.4,6.420164599533612,0.7100822997668059,1.271147688785247,0.46364760900080615
14.42,6.435718848552452,0.7178594242762256,1.2746041885672112,0.46364760900080615
14.44,6.451140804795358,0.725570402397679,1.2780312899545239,0.46364760900080615
14.46,6.466424610202937,0.7332123051014686,1.2814276911562081,0.4636476090008061
14.48,6.481564493635028,0.7407822468175141,1.2847921096966728,0.46364760900080615
14.5,6.496554774920697,0.7482773874603487,1.2881232833157106,0.46364760900080615
14.52,6.5113898689082435,0.755694934454122,1.2914199708684986,0.46364760900080615
14.54,6.526064289515198,0.7630321447575992,1.2946809532255996,0.4636476090008062
14.56,6.54057265377832,0.7702863268891602,1.29790503417296,0.4636476090008062
14.58,6.554909685903599,0.7774548429517999,1.301091041311911,0.4636476090008062
14.6,6.5690702213162595,0.7845351106581295,1.3042378269591688,0.4636476090008062
14.62,6.583049210710753,0.7915246053553764,1.307344269046834,0.4636476090008062
14.64,6.596841724100764,0.7984208620503818,1.3104092720223917,0.4636476090008062
14.66,6.610442954869205,0.8052214774346027,1.3134317677487122,0.4636476090008062
14.68,6.6238482238182215,0.811924111909111,1.3164107164040493,0.4636476090008062
14.7,6.63705298321919,0.818526491609595,1.3193451073820421,0.4636476090008062
14.72,6.650052820862716,0.8250264104313578,1.3222339601917144,0.4636476090008061
14.74,6.662843464108638,0.8314217320543191,1.3250763253574749,0.4636476090008062
14.76,6.6754207839360244,0.837710391968012,1.3278712853191164,0.4636476090008062
14.78,6.687780798993171,0.8438903994965856,1.3306179553318156,0.4636476090008062
14.8,6.69991967964761,0.8499598398238047,1.3333154843661355,0.4636476090008061
14.82,6.711833752036101,0.8559168760180507,1.3359630560080225,0.4636476090008062
14.84,6.723519502114635,0.8617597510573174,1.3385598893588075,0.4636476090008062
14.86,6.734973579708434,0.8674867898542172,1.3411052399352075,0.4636476090008061
14.88,6.746192802561953,0.8730964012809762,1.3435984005693227,0.4636476090008062
14.9,6.757174160388871,0.8785870801944353,1.346038702308638,0.4636476090008062
14.92,6.767914818922105,0.8839574094610525,1.3484255153160234,0.4636476090008061
14.94,6.7784121239637996,0.8892060619818998,1.3507582497697332,0.4636476090008062
14.96,6.788663605435329,0.8943318027176649,1.3530363567634065,0.46364760900080615
14.98,6.798666981427304,0.8993334907136519,1.3552593292060673,0.46364760900080615
15.0,6.808420162249556,0.9042100811247782,1.3574267027221234,0.46364760900080615
15.02,6.817921254481157,0.9089606272405786,1.3595380565513682,0.46364760900080615
15.04,6.827168565020406,0.913584282510203,1.361593014448979,0.46364760900080615
15.06,6.83616060513483,0.9180803025674147,1.3635912455855175,0.46364760900080615
15.08,6.84489609451119,0.9224480472555951,1.365532465446931,0.46364760900080615
15.1,6.8533739653054795,0.9266869826527397,1.3674164367345507,0.46364760900080615
15.12,6.861593366192916,0.9307966830964582,1.3692429702650923,0.46364760900080615
15.14,6.869553666417957,0.9347768332089789,1.3710119258706572,0.46364760900080615
15.16,6.877254459844285,0.9386272299221428,1.3727232132987301,0.46364760900080615
15.18,6.884695569004813,0.9423477845024064,1.3743767931121806,0.4636476090008062
15.2,6.8918770491516845,0.9459385245758425,1.3759726775892633,0.4636476090008062
15.22,6.898799192306278,0.949399596153139,1.3775109316236172,0.4636476090008062
15.24,6.905462531309196,0.9527312656545982,1.3789916736242658,0.4636476090008062
15.26,6.911867843870279,0.9559339219351404,1.3804150764156178,0.4636476090008062
15.28,6.918016156618597,0.9590080783092985,1.381781368137466,0.4636476090008062
15.3,6.923908749152447,0.9619543745762232,1.383090833144988,0.4636476090008062
15.32,6.929547158089357,0.9647735790446784,1.384343812908746,0.4636476090008062
15.34,6.9349331811160875,0.9674665905580435,1.385540706914686,0.4636476090008061
15.36,6.940068881038629,0.9700344405193148,1.3866819735641398,0.46364760900080615
15.38,6.944956589832207,0.9724782949161042,1.387768131073824,0.46364760900080615
15.4,6.949598912691274,0.9747994563456367,1.3887997583758385,0.46364760900080615
15.42,6.9539987320795085,0.976999366039754,1.3897774960176685,0.46364760900080615
15.44,6.958159211779828,0.979079605889914,1.390702047062184,0.46364760900080615
15.46,6.962083800944377,0.9810419004721888,1.3915741779876394,0.46364760900080615
15.48,6.965776238144533,0.9828881190722663,1.3923947195876738,0.4636476090008062
15.5,6.9692405554209,0.9846202777104494,1.3931645678713107,0.4636476090008062
15.52,6.972481082333314,0.9862405411666566,1.3938846849629585,0.4636476090008062
15.54,6.975502450010847,0.987751225005423,1.3945561000024103,0.4636476090008061
15.56,6.978309595201797,0.9891547976008985,1.3951799100448437,0.4636476090008062
15.58,6.980907764323692,0.9904538821618456,1.3957572809608203,0.46364760900080615
15.6,6.983302517513294,0.991651258756647,1.3962894483362873,0.46364760900080615
15.62,6.985499732676592,0.9927498663382959,1.3967777183725758,0.46364760900080615
15.64,6.9875056095388075,0.9937528047694035,1.3972234687864014,0.4636476090008061
15.66,6.989326673694396,0.994663336847198,1.3976281497098655,0.4636476090008062
15.68,6.9909697806570374,0.9954848903285192,1.3979932845904528,0.4636476090008062
15.7,6.992442119909651,0.9962210599548256,1.3983204710910333,0.4636476090008061
15.72,6.993751218954378,0.9968756094771887,1.3986113819898616,0.46364760900080615
15.74,6.9949049473625955,0.9974524736812981,1.3988677660805768,0.46364760900080615
15.76,6.99591152082491,0.9979557604124549,1.3990914490722022,0.4636476090008062
15.78,6.996779505201157,0.9983897526005785,1.399284334489146,0.4636476090008062
15.8,6.997517820570407,0.9987589102852035,1.3994484045712015,0.46364760900080615
15.82,6.998135745280955,0.9990678726404771,1.3995857211735452,0.46364760900080615
15.84,6.998642920000334,0.9993214600001672,1.399698426666741,0.4636476090008062
15.86,6.999049351765305,0.9995246758826524,1.3997887448367343,0.46364760900080615
15.88,6.999365418031857,0.9996827090159283,1.3998589817848568,0.4636476090008062
15.9,6.999601870725211,0.9998009353626056,1.3999115268278246,0.4636476090008062
15.92,6.999769840289823,0.9998849201449116,1.3999488533977384,0.4636476090008062
15.94,6.999880839739373,0.9999404198696865,1.3999735199420829,0.46364760900080615
15.96,6.9999467687067805,0.9999733843533904,1.399988170823729,0.4636476090008062
15.98,6.999979917494189,0.9999899587470943,1.3999955372209307,0.4636476090008062
16.0,6.999992971122966,0.999996485561483,1.3999984380273256,0.4636476090008062
