time,x,y,z,x_ref,y_ref,z_ref,roll,pitch,yaw,u1,u2,u3,u4,geofence_breach_active,flight_mode,active_setpoint_source,safety_status,event_code,system_supervisor_keepalive
0.0,0.0,0.0,0.0,0.0,0.0,0.0,-0.0,-0.0,-0.0,53.562090367172424,-53.562090367172424,53.562090367172424,-53.562090367172424,0.0,3.0,30.0,0.0,30.0,0.031
0.01,-1.949646721273965e-05,0.0004330024947901061,-1.0239520821899925e-05,0.0,0.0,0.02,-0.5790194018431973,1.9835725238831132,1.7064266303535847,88.86217006285419,-61.892988168252444,29.82574220848028,-50.52903978587826,0.0,3.0,30.0,0.0,30.0,0.031
0.02,-0.000422370510687734,0.0014478137308816998,3.920143826256633e-05,0.0,0.0,0.04,1.2416009472212264,-2.8273863003436324,1.2776538628893348,102.4307260212847,-55.917744937023016,32.03034978453661,-55.917744937023016,0.0,3.0,30.0,0.0,30.0,0.031
0.03,-0.00017577415818286973,0.0020606178972456396,3.57560310949754e-05,0.0,0.0,0.06,0.09788181642016495,0.05474748206132306,-0.5923453930974566,67.5767565315625,-63.96821055621577,65.50018266563262,-62.959473309191544,0.0,3.0,30.0,0.0,30.0,0.031
0.04,0.0004378453590576644,0.003144879622370612,2.649748135495937e-05,0.0,0.0,0.08,-0.22004648198732762,2.0603792746853173,0.790366595795748,93.87661606935625,-77.53130357353777,43.83265589556237,-57.174887510583545,0.0,3.0,30.0,0.0,30.0,0.031
0.05,0.0008115199262049627,0.004753244081957472,2.7622984767484176e-05,0.0,0.0,0.1,1.3791059012497213,-2.7530277612197236,0.7221177063060562,108.66315052066963,-68.37821940921259,38.26277428392153,-68.37821940921259,0.0,3.0,30.0,0.0,30.0,0.031
0.06,0.0017670544083232547,0.006295287855969461,1.9027908842228674e-05,0.0,0.0,0.12,0.1211478453109686,0.11517654675245613,-1.2040979222869002,56.385497840548986,-70.89984071173885,83.4041077835017,-83.25258384630868,0.0,3.0,30.0,0.0,30.0,0.031
0.07,0.003087217282739795,0.008357176432105713,1.2044694838379783e-05,0.0,0.0,0.14,-0.10292606268723513,2.0547646686321968,0.05452068926608071,92.0763324045976,-94.7816090454385,48.99247173679636,-67.46509347649163,0.0,3.0,30.0,0.0,30.0,0.031
0.08,0.004435005277711935,0.010950815060756267,1.1412276324002381e-05,0.0,0.0,0.16,1.4510398734183794,-2.736388763502178,0.09887236514647656,108.84192483268868,-82.31239856119272,38.44154859594058,-82.31239856119272,0.0,3.0,30.0,0.0,30.0,0.031
0.09,0.006346730436581929,0.013737407688738433,4.48519898349111e-06,0.0,0.0,0.18,0.14912519413981243,0.1807235416908662,-1.8635399959844197,48.53086630572957,-83.76977644677379,88.69308457392665,-98.82060210816572,0.0,3.0,30.0,0.0,30.0,0.031
0.1,0.008668006662857296,0.01709425606545665,-5.657071660758062e-07,0.0,0.0,0.2,0.057688512472100356,2.0477763911273286,-0.7636465608757997,88.64417312715197,-110.11442128145262,48.024476840238314,-80.33374133161817,0.0,3.0,30.0,0.0,30.0,0.031
0.11,0.011243990728966877,0.020994896994252145,-2.2468440141112095e-06,0.0,0.0,0.22000000000000003,1.493225566031726,-2.8010554077533976,-0.6004393814764553,105.71314382382822,-96.43118890249758,35.31276758708012,-96.43118890249758,0.0,3.0,30.0,0.0,30.0,0.031
0.12,0.014398185506169761,0.025248388033397007,-7.858206001623081e-06,0.0,0.0,0.24,0.09176382680359137,0.17973092521175316,-2.6010988171094422,53.81922703192842,-97.53773154136847,91.54393434749394,-97.2925249935055,0.0,3.0,30.0,0.0,30.0,0.031
0.13,0.01800251415405882,0.03009227779339977,-1.3237163887588956e-05,0.0,0.0,0.26,-0.02312499216801402,2.0269527786309247,-1.4465519240143971,87.54987288787997,-120.69501625657801,52.78123255867449,-85.0632803490354,0.0,3.0,30.0,0.0,30.0,0.031
0.14,0.021812364232308007,0.03550362642241569,-1.441492008503706e-05,0.0,0.0,0.28,1.4643019942865934,-2.748809674893248,-1.3398948377325908,105.50660695772038,-105.50660695772038,35.106230720972285,-105.50660695772038,0.0,3.0,30.0,0.0,30.0,0.031
0.15,0.026185968957180398,0.041190202748229585,-2.075192639156563e-05,0.0,0.0,0.3,0.17519937794422086,0.18139418349481723,2.976962758169212,60.45014944791812,-85.40682419553754,110.7378233605128,-100.25305780175843,0.0,3.0,30.0,0.0,30.0,0.031
0.16,0.03095431315032165,0.047443000560667976,-2.6023071306414144e-05,0.0,0.0,0.32,0.03611569198227889,2.1130168857463687,-2.154824393215136,109.36577854334246,-106.73154938906765,76.05084879701083,-69.64610289865118,0.0,3.0,30.0,0.0,30.0,0.031
0.17,0.035912848994202565,0.054214265465170546,-2.7600050881321285e-05,0.0,0.0,0.34,1.548568237843257,-2.6962702619782646,-1.9504320570937244,119.81913090722375,-98.63073670792409,49.41875467047566,-98.63073670792409,0.0,3.0,30.0,0.0,30.0,0.031
0.18,0.04140935877126598,0.061274727900459666,-3.355637334884959e-05,0.0,0.0,0.36,0.24858402387238188,0.24159918400196098,2.3259167654345148,68.18339735596211,-82.1132918690698,121.80711471547681,-98.88995074630319,0.0,3.0,30.0,0.0,30.0,0.031
0.19,0.047282123059718545,0.06889013726986042,-3.833004004288479e-05,0.0,0.0,0.38,0.1297190861249662,2.206632063912234,-2.8519740401769584,111.80469348380177,-111.04780124435582,81.55795753629874,-70.89416095511076,0.0,3.0,30.0,0.0,30.0,0.031
0.2,0.05338141553874469,0.07700286904478404,-4.0217785619849724e-05,0.0,0.0,0.4,-1.451876527572518,-0.4927178597383238,0.639754449420325,116.05353392057596,-97.16415404352793,57.36327809400102,-108.87427445370109,0.0,3.0,30.0,0.0,30.0,0.031
0.21,0.06001634175772141,0.0854834838959394,-4.548801705606084e-05,0.0,0.0,0.42000000000000004,0.30163610386795575,0.36341646960740703,1.6860980580217173,67.60452400779366,-89.42518407903219,122.74076772855551,-103.696318860491,0.0,3.0,30.0,0.0,30.0,0.031
0.22,0.06707281390420756,0.09453386276103404,-4.9375550377725525e-05,0.0,0.0,0.44000000000000006,0.2749032413940495,2.2400256178145503,2.6673637132011785,115.65108673869554,-113.22803316485728,85.17154984708758,-73.30719381971716,0.0,3.0,30.0,0.0,30.0,0.031
0.23,0.07452801505229346,0.10412586725549292,-5.220662667326008e-05,0.0,0.0,0.4600000000000001,-1.3982089487077993,-0.4819684688624147,-0.012543394808805224,130.15917037669055,-84.92181940532086,75.45027399041388,-86.85292264372654,0.0,3.0,30.0,0.0,30.0,0.031
0.24,0.08249775316158732,0.11417937888154463,-5.644655546391852e-05,0.0,0.0,0.48,0.3647435479847035,0.38443701071098907,0.9873394998628567,86.69648144398693,-83.41281061274168,130.15917037669055,-91.808410996068,0.0,3.0,30.0,0.0,30.0,0.031
0.25,0.09092262347891303,0.12476456439616636,-6.02580240888171e-05,0.0,0.0,0.5,0.29690378311530047,2.353712062004334,2.006412901775872,125.94884294898338,-108.481902488772,98.72321444788824,-65.30715475311901,0.0,3.0,30.0,0.0,30.0,0.031
0.26,0.0997567139020765,0.1358307936496587,-6.30480596879333e-05,0.0,0.0,0.52,-1.234124230016313,-0.5231260948999853,-0.5582842181747205,130.15917037669055,-80.32911133892601,93.42832940459134,-90.45283090469444,0.0,3.0,30.0,0.0,30.0,0.031
0.27,0.10911548648958834,0.1473469646260796,-6.688418569795466e-05,0.0,0.0,0.54,0.4146642086174117,0.5174662271129952,0.33020553171140016,88.67538335493103,-87.5281220232955,130.15917037669055,-93.010042445609,0.0,3.0,30.0,0.0,30.0,0.031
0.28,0.1189669408279095,0.15939846844893835,-7.028987604625147e-05,0.0,0.0,0.56,0.4072828117421291,2.3854979039861086,1.267144863180195,128.29477314209444,-111.38686902870185,99.89638933481572,-69.38487659923246,0.0,3.0,30.0,0.0,30.0,0.031
0.29,0.12929269563648735,0.17196774202065546,-7.31046128675851e-05,0.0,0.0,0.58,-1.1870294446772702,-0.526108863029712,-1.2155561732693008,130.15917037669055,-91.40695140761827,89.85212644115951,-91.59038373712448,0.0,3.0,30.0,0.0,30.0,0.031
0.3,0.14013899830268892,0.18498380658439456,-7.731192470032577e-05,0.0,0.0,0.6,0.5129729312186517,0.5488711049568155,-0.38415627932355273,91.22663926754042,-96.04175392515532,128.66582431857924,-99.81748970923158,0.0,3.0,30.0,0.0,30.0,0.031
0.31,0.15142056297472506,0.1985308237977354,-8.068149520445902e-05,0.0,0.0,0.62,0.4536331253345616,2.514450520178432,0.6084028177309698,124.6266563709614,-120.12505243239363,96.68666017350654,-77.66467239310042,0.0,3.0,30.0,0.0,30.0,0.031
0.32,0.16313766764206222,0.21254867645356554,-8.373433253869509e-05,0.0,0.0,0.64,-1.018312278857696,-0.5105905470230792,-1.7541592497677625,120.57165392769866,-104.9027989820006,98.69827194185945,-98.26011866105202,0.0,3.0,30.0,0.0,30.0,0.031
0.33,0.17537559912979125,0.2270593646491844,-8.72029455456337e-05,0.0,0.0,0.66,0.5302661085619247,0.6669453454536441,-1.0427615295043127,86.955640883115,-110.69511920956015,122.370543331829,-105.72459570449571,0.0,3.0,30.0,0.0,30.0,0.031
0.34,0.18811271612139527,0.24210611591579856,-9.0695820231484e-05,0.0,0.0,0.68,0.5157775828715034,2.537348731486333,-0.10300145946567536,118.80279590209301,-130.15917037669055,91.20896052731389,-88.11400785685878,0.0,3.0,30.0,0.0,30.0,0.031
0.35000000000000003,0.20132633597891622,0.25767096702962805,-9.358760039723072e-05,0.0,0.0,0.7000000000000001,-0.9611701373337255,-0.5344306750951786,-2.4021962211734857,114.00914548322915,-118.61368807670297,92.92807997841669,-106.78678315084406,1.0,6.0,30.0,0.0,64.0,0.031
0.36,0.21507240346404188,0.2736777727436076,-9.831925031890999e-05,0.0,0.0,0.72,0.6675493993428716,0.7181966388299849,-1.7801135254369034,85.67231256828417,-120.45539261144535,111.05791621669371,-118.43774534716752,1.0,6.0,30.0,0.0,64.0,0.031
0.37,0.2292314317762279,0.29022447141617386,-0.0001014175530323763,0.0,0.0,0.74,0.5904348078816504,2.668334854974118,-0.7610821871921057,113.21655934795893,-130.15917037669055,84.6784133233306,-99.57447812656503,1.0,6.0,30.0,0.0,64.0,0.031
0.38,0.24385689845355876,0.30725437922595983,-0.00010475896999066775,0.0,0.0,0.76,-0.8205986610983145,-0.47239158287451716,-2.9626952357692145,104.29906915744385,-129.28568219517965,101.16204864013326,-107.4416507443224,1.0,6.0,30.0,0.0,64.0,0.031
0.39,0.25901089474313316,0.32479159026849586,-0.00010833522508395745,0.0,0.0,0.78,0.6699290927437128,0.8114056121803171,-2.4446760069361457,85.31755721140073,-130.15917037669055,106.87800020049062,-118.96326558606401,1.0,6.0,30.0,0.0,64.0,0.031
0.4,0.2746523188869587,0.3428674058181237,-0.00011171043749756491,0.0,0.0,0.8,0.6173039376938445,2.6960911764562363,-1.4533572089498694,108.68407466709193,-130.15917037669055,82.19695764260538,-106.9830404947547,1.0,6.0,30.0,0.0,64.0,0.031
0.41000000000000003,0.2907583547476705,0.36143795383709887,-0.00011468130522165441,0.0,0.0,0.8200000000000001,-0.7362071553327574,-0.5011394738407386,2.69424995988763,99.25940496755138,-130.15917037669055,104.08774363372339,-114.22038823923236,1.0,6.0,30.0,0.0,64.0,0.031
0.42,0.3074060163880105,0.38044308289055073,-0.00011941056950375334,0.0,0.0,0.8400000000000001,0.8461254220184272,0.8838856743064439,3.070037384611161,99.64881622192037,-126.60629326598786,110.73935273859918,-118.35940308518911,1.0,6.0,30.0,0.0,64.0,0.031
0.43,0.324488618282696,0.39997939424184403,-0.0001223845529213878,0.0,0.0,0.86,0.7151613863499247,2.8144418471931076,-2.108667849180696,120.69911020539362,-130.15917037669055,89.85544492775556,-104.27560487456105,1.0,6.0,30.0,0.0,64.0,0.031
0.44,0.3420719745588177,0.42000422169387525,-0.0001257195756719927,0.0,0.0,0.8800000000000001,-0.6405165818365002,-0.4139008395765547,2.096267506389917,100.61790781981661,-130.15917037669055,115.56835452485913,-107.38047033173018,1.0,6.0,30.0,0.0,64.0,0.031
0.45,0.3601866243808449,0.44054447269243985,-0.00012911762131416387,0.0,0.0,0.9,0.8541784803734865,0.9502114379988975,2.3891045351493014,117.13178208672144,-123.6951456512844,123.6262016105166,-100.85598917279165,1.0,6.0,30.0,0.0,64.0,0.031
0.46,0.3788012776619952,0.46161328912346167,-0.00013235751917863622,0.0,0.0,0.9200000000000002,0.7210497622018464,2.8617792446923853,-2.788452555569608,127.53354583199359,-130.15917037669055,100.22835957000912,-98.89603752158149,1.0,6.0,30.0,0.0,64.0,0.031
0.47000000000000003,0.39788914300488964,0.48314695416884673,-0.00013548085875606598,0.0,0.0,0.9400000000000001,-0.5223087409699595,-0.4267536151750365,1.4941459911003856,99.48781256779822,-130.15917037669055,126.04690417272789,-109.80889959820853,1.0,6.0,30.0,0.0,64.0,0.031
0.48,0.4175107018281011,0.5051359561543822,-0.00013968262810789826,0.0,0.0,0.96,1.077353231793184,1.0424095956069859,1.5752874538400445,126.72183958947522,-122.27462819317051,116.97748207690108,-109.3928193855551,1.0,6.0,30.0,0.0,64.0,0.031
0.49,0.4375832088277705,0.5276538561266528,-0.00014267635667529854,0.0,0.0,0.9800000000000001,0.8350948972544361,2.952208527459757,2.8426235679654863,130.15917037669055,-128.60866272503537,107.21636392495245,-96.9563109538542,1.0,6.0,30.0,0.0,64.0,0.031
0.5,0.4581697703835832,0.5506808710761727,-0.00014586654056572847,0.0,0.0,1.0,-0.4743246353993131,-0.34133671717713243,0.8552569001074619,119.25223243754033,-127.97064008055841,130.15917037669055,-94.14127094222974,1.0,6.0,30.0,0.0,64.0,0.031
0.51,0.4792840113416803,0.5742311235492508,-0.00014935316443579624,0.0,0.0,1.02,1.1241331863982182,1.0770780942154785,0.8530523520796615,130.15917037669055,-121.16060003491958,121.77054011003727,-99.7013323428202,1.0,6.0,30.0,0.0,64.0,0.031
0.52,0.5008677643209946,0.5983142280537205,-0.0001523358128498938,0.0,0.0,1.04,0.8360588684240503,3.0298278496004722,2.175238275380189,130.15917037669055,-123.78961775863539,117.15987011020599,-92.12470278071542,1.0,6.0,30.0,0.0,64.0,0.031
0.53,0.52293156277734,0.6228384940819776,-0.0001557427034472951,0.0,0.0,1.06,-0.33818692859339966,-0.3170988057799229,0.2661074351677967,117.95960543163471,-118.74217894405379,130.15917037669055,-100.37337452538432,1.0,6.0,30.0,0.0,64.0,0.031
0.54,0.5455173358240056,0.647847704986322,-0.0001595243677403411,0.0,0.0,1.08,1.403477099498103,1.1737850488637462,-0.02314234420351284,130.15917037669055,-115.66629088589482,118.41993524473014,-109.78610034907264,1.0,6.0,30.0,0.0,64.0,0.031
0.55,0.5685804879843895,0.6733872778807011,-0.0001626510877847123,0.0,0.0,1.1,0.9486789296526278,3.0814292453349386,1.5240736709799267,130.15917037669055,-120.47143886859098,114.18576740808473,-100.28030657226262,1.0,6.0,30.0,0.0,64.0,0.031
0.56,0.5921620007322524,0.6994523059899925,-0.00016572356516031392,0.0,0.0,1.12,-0.31883498985814923,-0.257386956068413,-0.40128814081256586,119.02756945826576,-126.94902421383202,130.15917037669055,-103.22474637112593,1.0,6.0,30.0,0.0,64.0,0.031
0.5700000000000001,0.6162703676085195,0.7260342878705538,-0.00016948685534999856,0.0,0.0,1.1400000000000001,1.5240444817349166,1.1729264806506638,-0.8147329678239081,130.15917037669055,-124.1750235236517,112.62518221251352,-116.09383770671577,1.0,6.0,30.0,0.0,64.0,0.031
0.58,0.6408187664873662,0.7531494361853486,-0.00017221950378693517,0.0,0.0,1.16,0.964636781189225,-3.097469452434012,0.8717527769675565,130.15917037669055,-130.06996477209339,112.15889382246195,-107.56240259478454,1.0,6.0,30.0,0.0,64.0,0.031
0.59,0.6658594640422064,0.7806989394665496,-0.0001758649509179405,0.0,0.0,1.18,-0.19203739263850186,-0.19079875183961728,-0.9951499800955299,105.64398961652134,-129.86700370164382,130.15917037669055,-119.45613255188815,1.0,6.0,30.0,0.0,64.0,0.031
0.6,0.6914117469920825,0.8087624376674358,-0.00017920532431266463,0.0,0.0,1.2,-1.2798560559376007,1.8914816823364933,1.3790318190923545,130.15917037669055,-130.15917037669055,109.15030610845946,-117.83833583668778,1.0,6.0,30.0,0.0,64.0,0.031
0.61,0.7174659929926654,0.8373602920195724,-0.00018243408567548703,0.0,0.0,1.22,1.0562317952762634,-3.0807197391820207,0.2157349556905639,130.15917037669055,-130.15917037669055,101.76573128503327,-123.28731849454462,1.0,6.0,30.0,0.0,64.0,0.031
0.62,0.744034057488241,0.8664887665774234,-0.00018547964008750945,0.0,0.0,1.24,-0.17500057874758027,-0.1630976489269308,-1.674813473150078,103.4533532641374,-130.15917037669055,130.15917037669055,-126.05697251031503,1.0,6.0,30.0,0.0,64.0,0.031
0.63,0.7711211667857876,0.8961316479990299,-0.0001893998158563559,0.0,0.0,1.26,-1.0962912872356245,1.933630442676522,0.534478120996744,130.15917037669055,-130.15917037669055,103.05841943833371,-122.0597331966733,1.0,6.0,30.0,0.0,64.0,0.031
0.64,0.7986256737487294,0.9263060799472381,-0.0001919865407268225,0.0,0.0,1.28,1.1055979075345304,-2.9642743861591683,-0.41607555823679876,130.15917037669055,-130.15917037669055,93.51649199013741,-130.15917037669055,1.0,6.0,30.0,0.0,64.0,0.031
0.65,0.8266326941996064,0.956928605684745,-0.00019565043403087047,0.0,0.0,1.3,-0.0769623487067199,-0.06257836320936831,-2.283844097971492,89.4847621580287,-130.15917037669055,130.15917037669055,-130.15917037669055,1.0,6.0,30.0,0.0,64.0,0.031
0.66,0.8551449283008444,0.988089265395125,-0.00019868732752679463,0.0,0.0,1.32,-0.7628635528493541,1.890009247334885,-0.4258206868732981,128.95447957031328,-130.15917037669055,99.30145223193254,-125.81670040307449,1.0,6.0,30.0,0.0,64.0,0.031
0.67,0.8841690375695176,1.0197920265480103,-0.00020186937028497459,0.0,0.0,1.34,1.1655373118100214,-2.9633439241699024,-1.0824579070558698,130.15917037669055,-130.15917037669055,81.13125684866574,-130.15917037669055,1.0,6.0,30.0,0.0,64.0,0.031
0.68,0.9137001786324949,1.0520139001299609,-0.00020505414362245484,0.0,0.0,1.36,-0.03968799750621985,-0.055283676480840614,-2.9635805144984118,95.58663078744559,-130.15917037669055,130.15917037669055,-130.15917037669055,1.0,6.0,30.0,0.0,64.0,0.031
0.6900000000000001,0.9437345323451901,1.084753909192448,-0.00020889332585899485,0.0,0.0,1.3800000000000001,-0.5859829497318539,1.971835364772917,-1.2483271473076933,130.15917037669055,-130.15917037669055,104.86263285911232,-120.25551977589473,1.0,6.0,30.0,0.0,64.0,0.031
0.7000000000000001,0.9741783558776775,1.1180226046141832,-0.00021147840859558052,0.0,0.0,1.4000000000000001,1.2571853703094589,-2.8570547039443746,-1.6892786369407113,130.15917037669055,-130.15917037669055,79.79310674752082,-130.15917037669055,1.0,6.0,30.0,0.0,64.0,0.031
0.71,1.005129886707848,1.1517672246414619,-0.00021495294349821575,0.0,0.0,1.42,0.019902684228194797,0.060470262773083844,2.691807388620375,94.3248334666255,-130.15917037669055,130.15917037669055,-130.15917037669055,1.0,6.0,30.0,0.0,64.0,0.031
0.72,1.0365855598668383,1.1860632397037107,-0.00021786619381654034,0.0,0.0,1.44,-0.3527486555950333,1.9544823677777163,-2.1265337387064367,130.15917037669055,-130.15917037669055,121.9570321956977,-103.16112043930931,1.0,6.0,30.0,0.0,64.0,0.031
0.73,1.0685434528192481,1.2209081449533232,-0.0002208402977092799,0.0,0.0,1.46,1.287506691434534,-2.8477416018357014,-2.365442370773303,130.15917037669055,-130.15917037669055,87.31103434565914,-130.15917037669055,1.0,6.0,30.0,0.0,64.0,0.031
0.74,1.1010020954562796,1.2562515992967442,-0.00022425898770011036,0.0,0.0,1.48,0.08757514220288307,0.06827077634994594,2.0167331207176926,101.48645891062966,-130.15917037669055,130.15917037669055,-128.18589095934766,1.0,6.0,30.0,0.0,64.0,0.031
0.75,1.1339397764523698,1.29212645734493,-0.00022779558785215764,0.0,0.0,1.5,-0.2002568959695528,2.0618250689047026,-2.905162217849194,130.15917037669055,-130.15917037669055,121.35575252216901,-103.76240011283804,1.0,6.0,30.0,0.0,64.0,0.031
0.76,1.1672960626575732,1.3285281280723185,-0.00023048162229474443,0.0,0.0,1.52,1.4160166298570835,-2.775085696801465,-2.949528037892774,130.15917037669055,-125.84832093710614,99.26983169790088,-125.84832093710614,1.0,6.0,30.0,0.0,64.0,0.031
0.77,1.2011559768332916,1.3654437812207343,-0.0002335760910377739,0.0,0.0,1.54,0.10912690794618332,0.17691988261254218,1.370965294323874,105.70553397721727,-128.70950465551323,130.15917037669055,-120.0810368958029,1.0,6.0,30.0,0.0,64.0,0.031
0.78,1.2355183420817826,1.4029179051029728,-0.0002365109557575108,0.0,0.0,1.56,-0.08112046772322404,2.057556473633799,2.594966228492541,130.15917037669055,-130.15917037669055,128.93116756572573,-96.18698506928132,1.0,6.0,30.0,0.0,64.0,0.031
0.79,1.2703592931085737,1.4409418166805144,-0.00023919778686886802,0.0,0.0,1.58,1.4300700554156567,-2.7415068542830725,2.654734650807182,130.15917037669055,-115.21859653456204,109.89955610044501,-115.21859653456204,1.0,6.0,30.0,0.0,64.0,0.031
0.8,1.305697134040909,1.4794430432982884,-0.00024283503232109114,0.0,0.0,1.6,0.2010137535297571,0.20151972310778957,0.6984193795077104,114.1999547879926,-118.59306719814225,130.15917037669055,-116.86392256475082,1.0,6.0,30.0,0.0,64.0,0.031
0.81,1.341491785386013,1.51848991457578,-0.0002459108738749865,0.0,0.0,1.6200000000000003,0.06138526882447538,2.1683992638878196,1.8426884352584967,130.15917037669055,-130.15917037669055,130.15917037669055,-91.03671892211379,1.0,6.0,30.0,0.0,64.0,0.031
0.8200000000000001,1.3777281383147524,1.5580659073622551,-0.00024871200605880965,0.0,0.0,1.6400000000000001,1.5695231752645793,-2.7182388401750304,2.075443955146102,130.15917037669055,-113.62129255358693,111.49686008142012,-113.62129255358693,1.0,6.0,30.0,0.0,64.0,0.031
0.8300000000000001,1.4144611300565915,1.5981875527578888,-0.00025144595656702295,0.0,0.0,1.6600000000000001,0.19555864616133598,0.2830632497171216,0.03650646364781975,112.07977658298628,-124.91584096510121,130.15917037669055,-114.45983097818038,1.0,6.0,30.0,0.0,64.0,0.031
0.84,1.4516924158058615,1.6388680726067801,-0.0002544086162108279,0.0,0.0,1.6800000000000002,0.09979163540443986,2.176665321514272,1.1238627203997047,130.15917037669055,-130.15917037669055,130.15917037669055,-93.60066994625534,1.0,6.0,30.0,0.0,64.0,0.031
0.85,1.4893727421100513,1.6800914680691994,-0.00025681218722653964,0.0,0.0,1.7,-1.5472762356577618,-0.48485229137191216,-1.730642636090753,130.15917037669055,-118.57056944796705,106.54758318703998,-119.71234830862454,1.0,6.0,30.0,0.0,64.0,0.031
0.86,1.5275483130702754,1.7217793814289846,-0.0002605066124726864,0.0,0.0,1.72,0.2991606728770855,0.3363243647610891,-0.6350337349225645,106.41117440445299,-125.99094547678243,130.15917037669055,-126.22367421992476,0.0,3.0,30.0,0.0,30.0,0.031
0.87,1.5661678015166658,1.7640239358499132,-0.00026314889827369403,0.0,0.0,1.7399999999999998,0.244327115992954,2.2742015596668943,0.38114349488498517,130.15917037669055,-130.15917037669055,122.21150770890821,-102.9066449260988,0.0,3.0,30.0,0.0,30.0,0.031
0.88,1.6052542737657944,1.8068054844085244,-0.000265962014099315,0.0,0.0,1.7600000000000002,-1.426825237898647,-0.46406517366707195,-2.32621491625486,130.15917037669055,-127.44082696629076,97.67732566871626,-127.44082696629076,0.0,3.0,30.0,0.0,30.0,0.031
0.89,1.6448300433087708,1.8501484961188108,-0.0002684857474761887,0.0,0.0,1.78,0.2855315894187197,0.38313169506276873,-1.3106978965453204,100.74700141917752,-130.15917037669055,130.15917037669055,-129.10790741394723,0.0,3.0,30.0,0.0,30.0,0.031
0.9,1.684891887876361,1.8940496044264898,-0.0002713846929522507,0.0,0.0,1.8,0.23763285500035816,2.3030881232035947,-0.3008641359193809,130.15917037669055,-130.15917037669055,115.3776058607342,-109.74054677427284,0.0,3.0,30.0,0.0,30.0,0.031
0.91,1.725377889049154,1.9384790661971263,-0.0002736026744274973,0.0,0.0,1.8199999999999998,-1.3647968383022036,-0.5391590302754755,-2.957798076849054,130.15917037669055,-130.15917037669055,93.73645121956469,-130.15917037669055,0.0,3.0,30.0,0.0,30.0,0.031
0.92,1.7663573123738565,1.9833747127717951,-0.00027710234338952644,0.0,0.0,1.8400000000000003,0.38392392650615137,0.4667871578609804,-1.9808942904952016,92.02137596978648,-130.15917037669055,130.15917037669055,-130.15917037669055,0.0,3.0,30.0,0.0,30.0,0.031
0.93,1.807781563435756,2.028831920577058,-0.00027944460029085023,0.0,0.0,1.86,0.3778035262304948,2.374236034978103,-1.036873765807495,127.32548689574193,-130.15917037669055,103.93974576442797,-121.17840687057907,0.0,3.0,30.0,0.0,30.0,0.031
0.9400000000000001,1.8496908900183342,2.0748361992161914,-0.00028212848532793895,0.0,0.0,1.8800000000000001,-1.2852093924176384,-0.4957833446191236,2.696228847111108,130.15917037669055,-130.15917037669055,87.82073719032758,-130.15917037669055,0.0,3.0,30.0,0.0,30.0,0.031
0.9500000000000001,1.8920848652125362,2.1213985839464153,-0.0002846482237412876,0.0,0.0,1.9,0.38426727663297594,0.48348983464777967,-2.6706114367565785,94.1943504596048,-130.15917037669055,130.15917037669055,-130.15917037669055,0.0,3.0,30.0,0.0,30.0,0.031
0.96,1.9349437508776897,2.1685186584211085,-0.0002873343035820538,0.0,0.0,1.92,0.35659197406415377,2.4313906877278395,-1.6999200601017528,124.34305279520802,-130.15917037669055,103.97212039145563,-121.14603224355142,0.0,3.0,30.0,0.0,30.0,0.031
0.97,1.9782155264446468,2.2161486394635106,-0.00028951437794278774,0.0,0.0,1.94,-1.1771932375267988,-0.5584064389611773,2.1037634554244975,130.15917037669055,-130.15917037669055,99.61895743655701,-130.15917037669055,0.0,3.0,30.0,0.0,30.0,0.031
0.98,2.021979558971767,2.26425700749787,-0.00029260199277896784,0.0,0.0,1.9600000000000002,0.46003875815996503,0.587657831612494,2.9455891328135526,107.3109824362862,-130.15917037669055,130.15917037669055,-129.4555952118193,0.0,3.0,30.0,0.0,30.0,0.031
0.99,2.066201826529212,2.312924396788249,-0.00029480436116125945,0.0,0.0,1.98,0.4773417752855736,2.469717658494001,-2.426624656871512,130.15917037669055,-130.15917037669055,116.57646672492653,-108.5416859100805,0.0,3.0,30.0,0.0,30.0,0.031
1.0,2.1109151108673987,2.362145540679086,-0.00029725143136654226,0.0,0.0,2.0,-1.1416685919857803,-0.5204102309321935,1.4387377277765485,130.15917037669055,-130.15917037669055,104.24641487602125,-130.15917037669055,0.0,3.0,30.0,0.0,30.0,0.031
